id,submitdate,lastpage,startlanguage,seed,startdate,datestamp,A00,A1,A2[other],A3,A3[other],A4,A4[other],A5,A5[other],A6,A6[other],A7,A7[other],A8b,A8a,A9b,A9a,A10[SQ001],A10[SQ002],A10[SQ003],A10[SQ004],A10[SQ005],A10[SQ006],A10[SQ007],A10[SQ008],A10[SQ009],A10[SQ010],A10[other],A11,A12a,A12b,A13,A14,B1[SQ001],B1[SQ002],B1[SQ003],B1[SQ004],B1[SQ005],B1[SQ006],B1[SQ007],B1[SQ008],B1[other],B1a,B1b,B1c[SQ001],B1c[SQ002],B1c[SQ003],B1c[SQ004],B1c[other],B1d,B2,B3,B4,B4[other],B5,B6[SQ001],B6[SQ002],B6[SQ003],B7,B8[SQ001],B8[SQ002],B8[SQ003],B8[SQ004],B8[SQ005],B8[SQ006],B8[SQ007],B8[SQ008],B8[other],B8a,B9,B9a,B9b[SQ001],B9b[SQ002],B9b[SQ003],B9b[SQ004],B9b[SQ005],B9b[SQ006],B9b[SQ007],B9b[SQ008],B9b[SQ009],B9b[SQ010],B9b[SQ011],B9b[SQ012],B9b[other],B10,B11,B12,C1[SQ001],C1[SQ021],C1[SQ002],C1[SQ015],C1[SQ004],C1[SQ005],C1[SQ006],C1[SQ007],C1[SQ008],C1[SQ009],C1[SQ010],C1[SQ011],C1[SQ012],C1[SQ013],C1[SQ014],C1[SQ016],C1[SQ017],C1[SQ018],C1[SQ022],C2,C3[SQ001],C3[SQ002],C3[SQ003],C3[SQ004],C3[SQ005],C3[SQ006],C3[SQ007],C3[SQ008],C3[SQ009],C3[SQ010],C3[SQ011],C3[SQ012],C3[SQ013],C3[SQ014],C3[SQ015],C3[SQ016],C3[SQ020],C3[SQ017],C3[SQ018],C3[other],C4,C5[SQ001],C5[SQ002],C5[SQ003],C5[SQ004],C5[SQ005],C5[SQ006],C6,C7,C8,C9[SQ001],C9[SQ002],C9[SQ003],C9[SQ004],C9[SQ005],C9[SQ006],C9[other],C10[SQ001],C10[SQ002],C10[SQ003],C10[SQ004],C10[SQ005],C10[SQ006],C10[SQ007],C10[SQ008],C10[SQ009],C10[SQ010],C10[SQ011],C10[SQ012],C10[SQ013],C10[SQ014],C11[SQ001],C11[SQ002],C11[SQ003],C11[SQ004],C11[SQ005],C11[SQ006],C11[SQ007],C11[SQ008],C11[SQ009],C11[SQ010],C11[SQ011],C11[SQ012],C11[SQ013],C11[SQ014],C11[SQ015],C11[SQ016],C11[SQ017],C11[SQ018],C12,E1[SQ001],E1[SQ002],E1[SQ003],E1[SQ004],E1[SQ007],E1[SQ008],E1[SQ005],E1[SQ006],E2,E3,E4[SQ001],E4[SQ002],E5a,E5b,E6a,E6b,E7a[SQ001],E7a[SQ002],E7a[SQ003],E7a[SQ004],E7a[SQ005],E7a[SQ006],E7a[SQ007],E7a[SQ008],E7a[SQ009],E7a[SQ010],E7a[SQ011],E7a[SQ012],E7a[SQ013],E7b[SQ001],E7b[SQ002],E7b[SQ003],E7b[SQ004],E7b[SQ005],E7b[SQ006],E7b[SQ007],E7b[SQ008],E7b[SQ009],E7b[SQ010],E7b[SQ011],E7b[SQ012],E7b[SQ013],E8[SQ001],E8[SQ002],E8[SQ003],E8[SQ004],E8[SQ005],E8[SQ006],E8[SQ007],E8[SQ008],E8[SQ009],E8[SQ010],E8[SQ011],E8[SQ012],E8[SQ013],E8[SQ014],E9,E10,H1a[SQ001],H1a[SQ002],H1a[SQ003],H1a[SQ004],H1a[SQ005],H1a[SQ010],H1a[SQ006],H1a[SQ007],H1a[SQ008],H1a[SQ009],H1a[other],H1b[SQ001],H1b[SQ002],H1b[SQ003],H1b[SQ004],H1b[SQ005],H1b[SQ010],H1b[SQ006],H1b[SQ007],H1b[SQ008],H1b[SQ009],H1b[other],H2,H3,H4,H5,H6,I1,I2[SQ001],I2[SQ002],I2[SQ003],I2[SQ004],I2[SQ005],I2[SQ006],I2[SQ007],I2[SQ008],I3[SQ001],I3[SQ002],I3[SQ003],I3[SQ004],I3[SQ005],I3[SQ006],I3[SQ007],I4[SQ001],I4[SQ002],I4[SQ003],I4[SQ004],I4[SQ005],I4[SQ006],I5,I6,I7,J1,J1b,J2[SQ001],J2[SQ002],J2[SQ003],J2[SQ004],J2[SQ005],J2[SQ006],J2[SQ007],J2[SQ008],J3[SQ001],J3[SQ002],J3[SQ003],J3[SQ004],J3[SQ005],J3[SQ006],J3[SQ007],J3[SQ008],J4,J5,J6,J7,J8,F1[SQ001],F1[SQ002],F1[SQ003],F1[SQ004],F1[SQ005],F1[SQ006],F1[SQ007],F1[SQ008],F1[SQ009],F1[SQ010],F1[SQ011],F1[other],F2,F2a[SQ001],F2a[SQ002],F2a[SQ003],F2a[SQ004],F2a[SQ005],F2a[SQ006],F2a[SQ007],F2a[SQ008],F2a[other],F2b,F2b[other],F3,F4[SQ001],F4[SQ002],F4[SQ003],F4[SQ004],F4[SQ005],F4[SQ006],F4[SQ007],F4[SQ008],F4[SQ009],F4[SQ010],F4[SQ011],F4[other],F4a,F4b[SQ001],F4b[SQ002],F4b[SQ003],F4b[SQ004],F4b[SQ005],F4b[SQ006],F4b[SQ007],F4b[other],F5,F5a,F5b[SQ001],F5b[SQ002],F5b[SQ003],F5b[SQ004],F5b[SQ005],F5b[SQ006],F5b[SQ007],F5b[other],F6[SQ001],F6[SQ002],F6[SQ003],F6[SQ004],F6[SQ005],F6[SQ006],F6[SQ007],F6[SQ008],F6[SQ009],F6[SQ010],F6[other],F6a,F6b[SQ001],F6b[SQ002],F6b[SQ003],F6b[SQ004],F6b[SQ005],F6b[SQ006],F6b[SQ007],F6b[other],F6c[SQ001],F6c[SQ002],F6c[SQ003],F6c[SQ004],F6c[SQ005],F6c[SQ006],F6c[SQ007],F6c[other],F7,F7a,F7b[SQ001],F7b[SQ002],F7b[SQ003],F7b[SQ004],F7b[SQ005],F7b[SQ006],F7b[SQ007],F7c[SQ001],F7c[SQ002],F7c[SQ003],F7c[SQ004],F7c[SQ005],F7c[SQ006],F7c[SQ007],F7c[other],F8[SQ001],F8[SQ002],F8[SQ003],F8[SQ004],F8[SQ005],F8[SQ006],F8[SQ007],F8[SQ008],F8[SQ009],F8[SQ010],F8[SQ011],F8[SQ012],F8[SQ013],F8[other],F9,F10,D0,D1[SQ001],D1[SQ002],D1[SQ003],D1[SQ004],D1[SQ005],D1[SQ006],D2[SQ001],D2[SQ002],D2[SQ003],D2[SQ004],D2[SQ005],D2[SQ006],D2[SQ007],D2[SQ008],D3[SQ001],D3[SQ002],D3[SQ003],D3[SQ004],D3[SQ005],D3[SQ006],D3[SQ007],D3[SQ008],D4,D5,D5[other],D6,D7,D8,K1,K2[SQ001],K2[SQ002],K2[SQ003],K2[SQ004],K2[SQ005],K2[SQ006],K2[SQ007],K2[SQ008],K3,K3a,K4a[SQ001],K4a[SQ002],K4a[SQ003],K4a[SQ004],K4a[SQ005],K4a[SQ006],K4a[SQ007],K4a[SQ008],K4a[SQ009],K4a[SQ010],K4a[other],K4b[SQ001],K4b[SQ002],K4b[SQ003],K4b[SQ004],K4b[SQ005],K4b[SQ006],K4b[SQ007],K4b[SQ008],K4b[SQ009],K4b[SQ010],K4b[SQ011],K4b[other],K5[SQ001],K5[SQ002],K5[SQ003],K5[SQ004],K5[SQ005],K5[SQ006],K6,K7,K8[SQ001],K8[SQ002],K8[SQ003],K8[SQ004],K8[SQ005],K8[SQ006],K8[SQ007],K8[SQ008],K8[SQ009],K8[SQ010],K8[SQ011],K8[SQ012],K8[SQ014],K8[SQ013],K8[other],K9[SQ001],K9[SQ002],K9[SQ003],K9[SQ004],K9[SQ005],K9[SQ006],K9[SQ007],K10[SQ001],K10[SQ002],K10[SQ003],K10[SQ004],K10[SQ005],K11,K12,L1,M1,interviewtime,groupTime71,A00Time,groupTime60,A1Time,A2Time,A3Time,A4Time,A5Time,A6Time,A7Time,A8Time,A9Time,A10Time,A11Time,A12aTime,A12bTime,A13Time,A14Time,groupTime61,B1Time,B1aTime,B1bTime,B1cTime,B1dTime,B2Time,B3Time,B4Time,B5Time,B6Time,B7Time,B8Time,B8aTime,B9Time,B9aTime,B9bTime,B10Time,B11Time,B12Time,groupTime62,C1Time,C2Time,C3Time,C4Time,C5Time,C6Time,C7Time,C8Time,C9Time,C10Time,C11Time,C12Time,groupTime64,E1Time,E2Time,E3Time,E4Time,E5aTime,E5bTime,E6aTime,E6bTime,E7aTime,E7bTime,E8Time,E9Time,E10Time,groupTime65,H1aTime,H1bTime,H2Time,H3Time,H4Time,H5Time,H6Time,groupTime66,I1Time,I2Time,I3Time,I4Time,I5Time,I6Time,I7Time,groupTime69,J1Time,J1bTime,J2Time,J3Time,J4Time,J5Time,J6Time,J7Time,J8Time,groupTime70,F1Time,F2Time,F2aTime,F2bTime,F3Time,F4Time,F4aTime,F4bTime,F5Time,F5aTime,F5bTime,F6Time,F6aTime,F6bTime,F6cTime,F7Time,F7aTime,F7bTime,F7cTime,F8Time,F9Time,F10Time,groupTime63,D0Time,D1Time,D2Time,D3Time,D4Time,D5Time,D6Time,D7Time,D8Time,groupTime72,K1Time,K2Time,K3Time,K3aTime,K4aTime,K4bTime,K5Time,K6Time,K7Time,K8Time,K9Time,K10Time,K11Time,K12Time,groupTime67,L1Time,groupTime68,M1Time
2,2021-09-28 11:51:17,13,en,1431852830,2021-09-28 07:30:39,2021-09-28 11:51:17,A1,A1,IPP,A5,,A1,,A9,,A1,,A1,,A4,A2,A2,A2,Y,,,,,,,,,,,A1,A2,A3,A4,,Y,,,,,,,,,,,,,,,,,A10,A9,A4,,A4,A1,A1,A2,A2,,,,,,,Y,,,,A2,200,,,Y,,,,,,,,,,,A7,A29,,A1,A1,A1,A1,A1,A1,A1,A1,A1,A1,A1,A1,A1,A1,A1,A1,A1,A1,A1,A4,,,,,,,,,,,,,,,,,,,Y,,A8,100,0,0,0,0,0,A2,A2,A3,,Y,,,,,,A1,A1,A1,A1,A1,A1,A1,A1,A1,A1,A1,A1,A1,A1,A2,A2,A2,A2,A2,A2,A2,A2,A2,A2,A2,A2,A2,A2,A2,A2,A2,A2,,,,,Y,Y,,,,A2,A1,A1,A2,,A3,,A3,,,,,,,,,,,,,,A1,A1,A1,A1,A1,A1,A1,A1,A1,A1,A1,A1,A1,,Y,,,,,,,,,,,,,A3,,,Y,,,,,,,,,,Y,,,,,,,,,,,,,,A4,,A1,A5,A5,A5,A5,A5,A5,A5,A5,A1,A1,A1,A1,A1,A1,A1,Y,,,,,,A4,A3,,A1,A2,,,,Y,Y,,,,,,Y,,,,,,A2,A1,A2,A2,,,,,,,,,,Y,,,,A1,,,,,,,,,,SQ001,,A2,Y,,,,,,,,,,,,,,,,,,,,,A1,A2,Y,,,,,,,,,Y,,,,,,,,,,A2,Y,,,,,,,,,,Y,,,,,,A1,A2,Y,,,,,,,,Y,,,,,,,,Y,,,,,,,,,,,,,,,A1,A2,A2,A2,A2,A2,A2,A2,A2,A2,A2,A2,A2,A2,A2,A2,A2,A2,A2,A2,A2,A2,A2,A2,,,A1,,,A2,A1,A1,A1,A1,A1,A1,A1,A1,A1,A12,,Y,,,,Y,,,,,,,,Y,,,,,,,,,,A1,A1,A1,A1,A1,A1,A2,A2,,,,Y,,Y,,,,Y,,,,,,A1,A1,A1,A1,A1,A1,A1,A1,A1,A1,A1,A1,A2,,A2,,9790.05,92.28,,950.17,,,,,,,,,,,,,,,,178.84,,,,,,,,,,,,,,,,,,,,205.78,,,,,,,,,,,,,6859.58,,,,,,,,,,,,,,241.68,,,,,,,,310.75,,,,,,,,106.63,,,,,,,,,,182.05,,,,,,,,,,,,,,,,,,,,,,,207.19,,,,,,,,,,440.29,,,,,,,,,,,,,,,5.26,,9.55,
3,2021-09-28 08:49:51,13,en,1140018937,2021-09-28 08:19:40,2021-09-28 08:49:51,A1,A2,,A1,,A1,,A12,,A1,,A1,,A4,A8,A1,A12,Y,,,,,,,,,,,A1,A2,A3,A4,,Y,,,,,,,,,,,,,,,,,A13,A8,A6,,A1,A1,A1,A1,A2,,,,,,Y,,,,A4,A1,,,,,,,,,,,,,,,A7,A22,,A2,A2,A2,A2,A2,A2,A2,A1,A2,A3,A2,A1,A1,A2,A2,A1,A2,A2,A2,A2,,,,,,,,,,,,,Y,,,,,,,,A5,55,15,10,0,20,0,A2,A1,A7,Y,,,,,,,A4,A5,A2,A2,A2,A3,A1,A3,A4,A1,A1,A1,A1,A1,A4,A3,A5,A4,A4,A4,A4,A5,A5,A5,A3,A4,A3,A4,A5,A3,A5,A5,,,,,,,Y,,,,A1,A1,A1,,A2,,A2,,,,,,,,,,,,,,A1,A2,A4,A4,A4,A4,A2,A1,A2,A1,A1,A1,A2,Y,,Y,,,,Y,,,,,,,,A3,,,,Y,,,,,,,,,,,,,,,,Y,,,,,,,A6,,A3,A4,A5,A3,A4,A2,A3,A1,A2,A2,A2,A3,A2,A2,A2,A3,Y,,,,,,A4,A2,,A2,,,,Y,,,,,,,,,,,,,,,A2,,,,Y,,,,,Y,Y,,,,,,A3,,,,,,,,,,,,,,,,,,,,,,Y,,,,,,,,,,,,A2,,,,,,,,,,,,,,,,,,Y,,,,,,,,,,,,,,,,,,,,A2,,,,,,,,,,,,,,,,,,,,,,,,,,,Y,,,,,,A1,A4,A2,A1,A3,A3,A2,A4,A2,A1,A3,A1,A2,A2,A1,A2,A2,A2,A2,A2,A1,A1,A1,A2,,,A2,,,A4,A3,A4,A4,A4,A4,A5,A3,A4,A3,,,,,,,,,,,,,,,,,,,,,,,,,A2,A5,A2,A5,A4,A2,A1,A1,,,,Y,Y,Y,Y,,Y,Y,Y,,,,,A3,A4,A4,A5,A4,A4,A3,A3,A3,A2,A3,A1,A2,,A1,,1816.93,24.52,,110.53,,,,,,,,,,,,,,,,222.93,,,,,,,,,,,,,,,,,,,,457.68,,,,,,,,,,,,,210.81,,,,,,,,,,,,,,80.84,,,,,,,,126.84,,,,,,,,31.32,,,,,,,,,,113.43,,,,,,,,,,,,,,,,,,,,,,,204.11,,,,,,,,,,223.16,,,,,,,,,,,,,,,6.69,,4.07,
4,2021-09-28 08:55:48,13,en,424670608,2021-09-28 08:30:06,2021-09-28 08:55:48,A1,A1,,A3,,A3,,A11,,A3,,A1,,A3,A5,A2,A10,Y,,,,,,,,,,,A1,A2,A3,A4,,,Y,,,,,,,,,,,,,,,,A14,A6,A4,,A8,A1,A1,A3,A2,,,,,,,Y,,,,A2,800,,,,,,,,,Y,,,,,A7,A32,,A3,A3,A3,A4,A3,A4,A2,A4,A3,A4,A5,A6,A4,A2,A6,A4,A3,A5,A2,A2,,,,,,,,,Y,,,,,,,,,,,,A6,60,5,5,5,5,20,A2,A2,A4,Y,,,,,,,A3,A5,A3,A3,A3,A4,A2,A4,A4,A3,A2,A2,A3,A2,A5,A4,A4,A4,A4,A4,A4,A4,A4,A5,A6,A5,A4,A5,A4,A4,A4,A5,,Y,Y,,,,,,,,A2,A2,A1,A5,A3,A4,A3,A2,A2,A3,A4,A4,A4,A3,A3,A3,A4,A3,A2,A3,A2,A3,A2,A2,A3,A2,A2,A2,A2,A2,A1,A1,A2,Y,,Y,Y,,,,,Y,,,,,,A3,,,,,,,,,,Y,,,Y,,Y,,,,Y,,,,,,,,A6,,A1,A4,A4,A2,A4,A4,A4,A1,A4,A2,A2,A3,A3,A3,A3,A2,,,,,Y,,A2,A2,,A2,,,,Y,,,,,,,,,,,,,,,A2,,,,,,,,,Y,,,,,,,A3,,,,,,,,,,,,,,,,,,,,,,Y,,,,,,,,,,,,A2,,,,,,,,,,,,,,,,,,Y,,,,,,,,,,,,,,,,,,,,A2,,,,,,,,,,,,,,,,,,,,,,,,,,,Y,,,,,,A1,A3,A2,A2,A3,A2,A2,A2,A3,A3,A3,A2,A3,A2,A1,A2,A2,A3,A2,A1,A2,A2,A2,A5,,,A1,"My centre has no mental health resource. The Ombudsperson is somewhat a contact, as many think he/she is responsible, but that is not the case. 

",,A2,A5,A4,A4,A5,A4,A5,A3,A4,A1,A12,,,,,,,,,,,,,,,,,,,,,,,,A2,A5,A5,A5,A2,A2,A8,A1,Y,,,,,,Y,,Y,Y,Y,,,,,A5,A4,A4,A4,A5,A5,A3,A3,A3,A3,A1,A1,A2,,A1,,1545.57,12.99,,101,,,,,,,,,,,,,,,,192.51,,,,,,,,,,,,,,,,,,,,311.45,,,,,,,,,,,,,219.58,,,,,,,,,,,,,,45.23,,,,,,,,104.72,,,,,,,,32.12,,,,,,,,,,86.04,,,,,,,,,,,,,,,,,,,,,,,259.23,,,,,,,,,,170.32,,,,,,,,,,,,,,,5.35,,5.03,
5,,5,en,545998708,2021-09-28 08:57:15,2021-09-28 09:08:01,A1,A3,,A15,,A5,,A38,,A2,,A3,,A3,A9,A5,A3,,Y,,,,,,,,,,A1,A2,A2,A3,,,Y,,,,,,,,,,,,,,,,A4,A2,A4,,A3,A1,A1,A1,A2,,,,,Y,,,,,A4,A2,123,Y,,,,,,,,,,,,,A2,A3,,A1,A1,A1,A1,A1,A1,A1,A1,A1,A1,A1,A1,A1,A1,A1,A1,A1,A1,A1,A5,,,,,,,,,,,,,,,,,,,,,A5,60,5,5,5,5,20,A4,A5,A5,,,,,Y,,,A1,A1,A1,A1,A1,A1,A1,A1,A1,A1,A1,A1,A1,A1,A2,A2,A2,A2,A2,A2,A2,A2,A2,A2,A2,A2,A2,A2,A2,A2,A2,A2,,,,,,,,Y,,,A5,A5,A5,A3,A5,A4,A8,A1,A1,A1,A1,A1,A1,A1,A1,A1,A1,A1,A1,A1,A1,A1,A1,A1,A1,A1,A1,A1,A1,A1,A1,A1,A1,,,,,,Y,,,,,,,,,A4,,,,,,,,,,,,,,,,,,,,,,,,,,,,,,,,,,,,,,,,,,,,,,,,,,,,,,,,,,,,,,,,,,,,,,,,,,,,,,,,,,,,,,,,,,,,,,,,,,,,,,,,,,,,,,,,,,,,,,,,,,,,,,,,,,,,,,,,,,,,,,,,,,,,,,,,,,,,,,,,,,,,,,,,,,,,,,,,,,,,,,,,,,,,,,,,,,,,,,,,,,,,,,,,,,,,,,,,,,,,,,,,,,,,,,,,,,,,,,,,,,,,,,,,,,,,,,,,,,,,,,,,,,,,,,,,,,,,,,,,,,,,,,,,,,,,,,,,608.95,7.6,,252.53,,,,,,,,,,,,,,,,143.59,,,,,,,,,,,,,,,,,,,,117.14,,,,,,,,,,,,,88.09,,,,,,,,,,,,,,,,,,,,,,,,,,,,,,,,,,,,,,,,,,,,,,,,,,,,,,,,,,,,,,,,,,,,,,,,,,,,,,,,,,,,,,,,,,,
6,,,en,271116264,2021-09-28 09:34:49,2021-09-28 09:34:49,,,,,,,,,,,,,,A3,A9,A3,A9,,,,,,,,,,,,,,,,,,,,,,,,,,,,,,,,,,,,,,,,,,,,,,,,,,,,,,,,,,,,,,,,,,,,,,,,,,,,,,,,,,,,,,,,,,,,,,,,,,,,,,,,,,,,,,,,,,,,,,,,,,,,,,,,,,,,,,,,,,,,,,,,,,,,,,,,,,,,,,,,,,,,,,,,,,,,,,,,,,,,,,,,,,,,,,,,,,,,,,,,,,,,,,,,,,,,,,,,,,,,,,,,,,,,,,,,,,,,,,,,,,,,,,,,,,,,,,,,,,,,,,,,,,,,,,,,,,,,,,,,,,,,,,,,,,,,,,,,,,,,,,,,,,,,,,,,,,,,,,,,,,,,,,,,,,,,,,,,,,,,,,,,,,,,,,,,,,,,,,,,,,,,,,,,,,,,,,,,,,,,,,,,,,,,,,,,,,,,,,,,,,,,,,,,,,,,,,,,,,,,,,,,,,,,,,,,,,,,,,,,,,,,,,,,,,,,,,,,,,,,,,,,,,,,,,,,,,,,,,,,,,,,,,,,,,,,,,,,,,,,,,,,,,,,,,,,,0,,,,,,,,,,,,,,,,,,,,,,,,,,,,,,,,,,,,,,,,,,,,,,,,,,,,,,,,,,,,,,,,,,,,,,,,,,,,,,,,,,,,,,,,,,,,,,,,,,,,,,,,,,,,,,,,,,,,,,,,,,,,,,,,,,,,,,,,,,,,,,,
7,2021-09-28 10:47:11,13,en,1292916803,2021-09-28 10:16:27,2021-09-28 10:47:11,A1,A1,,A5,,A1,,A8,,A1,,A1,,A5,A8,A2,A4,Y,,,,,,,,,,,A2,,,A4,,,,Y,,,,,,,,,,,,,,,A14,A6,A5,,A2,A2,A3,A2,A2,,,,,,,Y,,,,A1,,,,,,,,,,,,,,,A7,A1,,A2,A2,A1,A4,A4,A2,A2,A2,A4,A4,A4,A1,A1,A2,A6,A2,A2,A4,A1,A2,,,,,Y,,,,,,,,Y,,,,,,,,A6,50,10,10,5,5,20,A2,A2,A4,Y,,,,,,,A4,A5,A2,A4,A2,A4,A1,A3,A3,A1,A1,A2,A2,A2,A4,A2,A4,A4,A4,A4,A3,A5,A4,A5,A2,A2,A4,A6,A4,A4,A4,A4,,Y,,,Y,Y,,,,A2,A1,A1,A1,,A4,,A3,,,,,,,,,,,,,,A2,A1,A1,A2,A1,A4,A4,A4,A1,A4,A1,A1,A4,,,,,,,,Y,,,Y,,,,A2,,Y,,,Y,,,Y,,,,,Y,,,,,,Y,,,,,A2,A2,A5,A2,,A1,A4,A4,A2,A2,A1,A6,A1,A1,A3,A2,A2,A2,A2,A2,A3,Y,,,,,,A4,A2,,A2,,,,Y,,,,,,,,,,,,,,,A2,,,,Y,,,,Y,Y,,,,,,,A3,,,,,,,,,,,,,,,,,,,,,,Y,,,,,,,,,,,,A2,,,,,,,,,,,Y,Y,Y,,,,,,,,A2,,Y,Y,Y,Y,,,,,,,,,Y,,,A1,A2,,Y,Y,Y,Y,,,,,,,,Y,,,,,,,,,,,,,Y,,,,,,A1,A1,A3,A2,A1,A2,A4,A1,A2,A3,A2,A1,A3,A1,A2,A2,A2,A3,A3,A2,A2,A2,A1,A2,,,A2,,,A4,A3,A5,A4,A5,A4,A5,A5,A5,A1,A6,,,,,,,,,,,,,,,,,,,,,,,,A2,A4,A3,A4,A3,A3,A2,A1,,,,Y,,Y,Y,Y,,Y,Y,,,,,A5,A4,A4,A5,A4,A5,A3,A3,A3,A2,A3,A2,A2,,A1,,1849.13,71.6,,92.38,,,,,,,,,,,,,,,,306.31,,,,,,,,,,,,,,,,,,,,384.94,,,,,,,,,,,,,158.29,,,,,,,,,,,,,,108.84,,,,,,,,93.62,,,,,,,,23.47,,,,,,,,,,273.76,,,,,,,,,,,,,,,,,,,,,,,144.17,,,,,,,,,,182.95,,,,,,,,,,,,,,,6,,2.8,
8,2021-09-28 11:27:04,13,en,1964187396,2021-09-28 10:27:32,2021-09-28 11:27:04,A1,A1,University medical center from Johannes Gutenberg-Universit√§t Mainz,-oth-,"Neuroscience, fundamental research",A1,,A6,,A1,,A1,,A3,A14,A3,A13,Y,,,,,,,,,,,A3,,,A4,"I am swiss, so not form the EU, but geographically part of europe.",,,,,,,,,Contract (internal from JGU),,,,,,,,,A13,A7,A3,,A4,A1,A1,A1,A2,,,,,,,Y,,,,A1,,,,,,,,,,,,,,,A6,A29,,A2,A2,A1,A1,A3,A1,A2,A2,A3,A4,A2,A2,A2,A2,A1,A2,A3,A3,A2,A3,,,,,,,,,,Y,,,,,,,,,,Being bullied by a colleague the first years of my PhD,A6,80,5,5,5,5,0,A2,A4,A6,Y,,,,,,,A4,A4,A2,A3,A2,A3,A2,A4,A4,A2,A2,A2,A2,A2,A4,A3,A5,A4,A4,A5,A4,A5,A5,A3,A4,A5,A4,A2,A4,A5,A4,A5,,,,,Y,,,,,A2,A2,A1,A1,A7,A2,A7,A2,A1,A2,A3,A1,A3,A3,A1,A3,A1,A1,A1,A1,A3,A1,A4,A1,A1,A2,A2,A2,A1,A1,A1,A2,A1,A1,,,,,Y,,,,,,,,,,A3,,Y,,Y,,,,,,,,,,,,,,,,Y,,,,A3,A1,A5,A3,,A1,A4,A3,A2,A2,A2,A2,A2,A2,A2,A1,A1,A1,A1,A2,A2,Y,,,,,,A2,A2,,A2,,,,,,Y,,,,,,,,,,,,,A2,,,,Y,,,,,Y,,,,,,,A2,,Y,,,,,,,,SQ003,,,,,,,,,,,,Y,,,,,,,,,,,,A2,,,,,,,,,,,Y,,,Y,,,,,,,A3,,,Y,,,,,,Y,,,Y,Y,,,,A1,A2,,,Y,,,,,Y,,,Y,Y,,,,,,,,,,,,,,Y,,,,,,A1,A2,A2,A1,A1,A1,A3,A1,A2,A2,A4,A1,A3,A3,A3,A1,A1,A1,A1,A1,A2,A1,A1,A2,,,A2,,,A2,A4,A4,A3,A2,A4,A4,A2,A4,A2,,,,,,,,,,,,,,,,,,,,,,,,,A3,A3,A3,A3,A5,A4,A4,A1,Y,Y,,,Y,Y,Y,,Y,Y,,,,,,A3,A4,A4,A4,A4,A3,A2,A3,A3,A3,A3,A3,A2,,A1,,3576.87,43.29,,326.81,,,,,,,,,,,,,,,,343.72,,,,,,,,,,,,,,,,,,,,1165.61,,,,,,,,,,,,,498.2,,,,,,,,,,,,,,150.29,,,,,,,,138.93,,,,,,,,60.12,,,,,,,,,,329.92,,,,,,,,,,,,,,,,,,,,,,,243.51,,,,,,,,,,251.3,,,,,,,,,,,,,,,8.14,,17.03,
9,2021-09-28 11:36:00,13,en,659272036,2021-09-28 10:45:58,2021-09-28 11:36:00,A1,A2,,A2,,A3,,A12,,A1,,A1,,A2,A6,A3,A9,,,,,,,Y,,,,,A3,,,A4,,Y,,,,,,,,,,,,,,,,,A12,A6,A4,,A1,A1,A1,A1,A2,,,,,,,Y,,,,A1,,,,,,,,,,,,,,,A7,A27,,A1,A1,A1,A2,A3,A1,A1,A1,A1,A1,A1,A6,A1,A1,A1,A1,A1,A1,A1,A1,,,,,,,,,,,,,,,,,,,,,A5,55,15,10,0,5,15,A2,A2,A6,Y,,,,,,,A2,A3,A1,A3,A1,A2,A1,A3,A2,A1,A1,A2,A1,A1,A2,A3,A4,A4,A6,A4,A3,A3,A2,A2,A6,A2,A2,A2,A4,A2,A3,A2,,Y,Y,,Y,Y,,,,A2,A2,A1,A1,A3,A2,A3,A2,A1,A1,A1,A1,A5,A1,A1,A1,A1,A3,A1,A1,A1,A1,A1,A1,A1,A1,A1,A1,A1,A1,A3,A1,A1,A1,,,,,,,,,,,,Y,,,A4,,Y,,,,,,,,,,,,,Y,Y,Y,Y,,,,,,A2,A1,A1,A1,,A2,A5,A1,A2,A2,A1,A1,A1,A4,A1,A1,A1,A1,A1,A1,A1,,,Y,,,,A2,A1,,A2,,,,Y,,,,,,,,,,,,,,,A2,,,,,Y,Y,Y,,Y,,,,,,,A3,,,,,,,,,,,,,,,,,,,,,,Y,,,,,,,,,,,,A2,,,,,,,,,,,,,,,,,,Y,,,,,,,,,,,,,,,,,,,,A2,,,,,,,,,,,,,,,,,,,,,,,,,,,Y,,,,,,A1,A2,A2,A1,A2,A2,A1,A2,A1,A4,A4,A1,A2,A4,A2,A1,A2,A1,A1,A1,A2,A2,A1,A2,,,A3,,,A4,A6,A6,A4,A5,A3,A5,A3,A4,A1,A6,,,,,,,,,,,,,,,,,,,,,,,,A1,A3,A5,A5,A3,A1,A6,A1,,,,Y,Y,Y,Y,,,Y,Y,,,,,A6,A3,A3,A1,A1,A6,A3,A2,A3,A2,A1,A1,A3,,A1,,3006.5,10.56,,107.35,,,,,,,,,,,,,,,,204.76,,,,,,,,,,,,,,,,,,,,773.11,,,,,,,,,,,,,240,,,,,,,,,,,,,,131.68,,,,,,,,111.07,,,,,,,,123.33,,,,,,,,,,136.44,,,,,,,,,,,,,,,,,,,,,,,500.03,,,,,,,,,,656.77,,,,,,,,,,,,,,,6.71,,4.69,
10,,12,en,450700816,2021-09-28 10:52:23,2021-09-28 15:08:35,A1,A1,,A5,,A1,,A8,,A1,,A1,,A6,A7,A1,A11,Y,,,,,,,,,,,A2,,,A2,,Y,Y,Y,Y,Y,Y,Y,Y,,A2,A2,Y,Y,Y,Y,,A2,A14,A6,A5,,A2,A2,A2,A2,A1,,,,,Y,,,,,A1,A2,,,,,,,,,Y,Y,,,,,A8,A1,,A5,A5,A5,A5,A5,A5,A5,A5,A5,A5,A5,A5,A5,A5,A5,A5,A5,A5,A5,A4,,,,,,,,,Y,,,,,,,,,,,,A7,50,10,10,10,10,10,A2,A3,A4,,Y,Y,Y,,,,A4,A4,A4,A4,A4,A4,A4,A4,A4,A4,A4,A4,A4,A4,A5,A5,A5,A5,A5,A5,A5,A5,A5,A5,A5,A5,A5,A5,A5,A5,A5,A5,,Y,Y,Y,Y,Y,,,,A2,A2,A4,A4,A7,A2,A2,A2,A5,A5,A5,A5,A5,A5,A5,A5,A5,A5,A5,A5,A5,A5,A5,A5,A5,A5,A5,A5,A5,A5,A5,A5,A5,A5,Y,Y,Y,,,,,,,,,,,,A2,,Y,,Y,Y,,,,,,,,Y,Y,,,,,,,,,,A2,A3,A5,A6,,A3,A1,A1,A1,A1,A1,A1,A1,A1,A3,A3,A3,A3,A3,A3,A3,,Y,,,,,A1,A1,,A1,A2,,Y,,,,,,,,,,,,Y,,,A2,A1,A2,A2,,,Y,,,,,,,,,,,A2,,Y,,,,,,,,SQ002,,,,,,Y,,,,,,,,,A2,,,Y,,,,,,A1,A2,Y,,,Y,,,,,,Y,Y,Y,Y,Y,Y,Y,,,,A2,Y,Y,Y,Y,,,,,Y,Y,Y,Y,Y,,,,A1,A2,,Y,,,,,,Y,,,,,,,,,Y,,,,,,,,,,,,,,,A1,A4,A4,A4,A4,A4,A4,A4,A4,A4,A4,A4,A4,A4,A4,A4,A4,A4,A4,A4,A4,A4,A4,A3,,,A2,,,A2,A5,A5,A5,A5,A5,A5,A5,A5,A1,A12,,Y,Y,Y,Y,Y,Y,Y,,,,,Y,Y,,Y,,Y,,Y,,,,A5,A5,A5,A5,A5,A5,A16,A1,,Y,Y,Y,Y,Y,,,,,,,,,,A5,A5,A5,A5,A5,A5,A5,A4,A4,A4,A4,A4,A2,,A3,,15378.8,27.86,,10282.3,,,,,,,,,,,,,,,,4229.78,,,,,,,,,,,,,,,,,,,,167.46,,,,,,,,,,,,,108.5,,,,,,,,,,,,,,62.75,,,,,,,,127.35,,,,,,,,59.24,,,,,,,,,,138.99,,,,,,,,,,,,,,,,,,,,,,,51.92,,,,,,,,,,95.93,,,,,,,,,,,,,,,26.66,,,
11,2021-09-28 13:26:34,13,en,100017667,2021-09-28 11:21:25,2021-09-28 13:26:34,A1,A2,,A10,,A1,,A13,,A1,,A1,,A2,A6,A4,A6,,,,,,,Y,,,,,A3,,,A4,,,,,,Y,,,,,A3,,,,,,,,A4,A6,A1,,A1,A1,A1,A2,A2,,,,,,,Y,,,,A1,,,,,,,,,,,,,,,A5,A42,,A4,A3,A2,A4,A2,A4,A4,A2,A3,A5,A3,A2,A2,A2,A3,A2,A2,A3,A2,A4,Y,Y,,,Y,,,Y,,Y,,,,,,,,,,,A7,80,20,0,0,0,0,A1,A4,A5,Y,,,,,,,A3,A5,A2,A5,A2,A5,A2,A3,A5,A2,A4,A2,A5,A2,A5,A5,A5,A5,A5,A5,A5,A5,A5,A5,A5,A5,A5,A5,A5,A5,A5,A5,,Y,Y,,Y,Y,,,,A2,A1,A3,A3,,A2,,A2,,,,,,,,,,,,,,A1,A1,A2,A1,A3,A3,A1,A3,A1,A1,A1,A1,A2,,,Y,,,,Y,,,,,,,,A4,,,,,,,,,Y,,,,Y,,Y,Y,Y,Y,Y,,,,,A2,A3,A5,A6,,A1,A2,A5,A5,A5,A5,A3,A1,A4,A4,A4,A4,A4,A4,A4,A4,,,,,Y,,A1,A3,,A2,,,,Y,,,,,,,,,,,,,,,A2,,,,,Y,,,,,,,,,,,A3,,,,,,,,,,,,,,,,,,,,,,Y,,,,,,,,,,,,A2,,,,,,,,,,,,,,,,,,Y,,,,,,,,,,,,,,,,,,,,A2,,,,,,,,,,,,,,,,,,,,,,,,,,,Y,,,,,,A1,A4,A4,A1,A2,A1,A4,A1,A3,A4,A2,A3,A3,A1,A4,A4,A2,A2,A4,A3,A2,A4,A1,A3,,,A2,,,A4,A5,A4,A5,A4,A3,A4,A3,A4,A1,A19,,,,,,,,,,,,,,,,,,,,,,,,A3,A5,A4,A5,A3,A2,A10,A1,Y,,,Y,,Y,Y,,Y,Y,Y,,,,,A3,A5,A5,A5,A5,A5,A3,A4,A4,A3,A3,A3,A2,,A1,,7513.17,10.74,,323.19,,,,,,,,,,,,,,,,357.17,,,,,,,,,,,,,,,,,,,,471.29,,,,,,,,,,,,,197.04,,,,,,,,,,,,,,119.96,,,,,,,,94.18,,,,,,,,30.49,,,,,,,,,,243.91,,,,,,,,,,,,,,,,,,,,,,,5468.51,,,,,,,,,,187.44,,,,,,,,,,,,,,,5.81,,3.44,
12,,,en,864396508,2021-09-28 11:34:50,2021-09-28 11:34:50,,,,,,,,,,,,,,A6,A8,A1,A12,,,,,,,,,,,,,,,,,,,,,,,,,,,,,,,,,,,,,,,,,,,,,,,,,,,,,,,,,,,,,,,,,,,,,,,,,,,,,,,,,,,,,,,,,,,,,,,,,,,,,,,,,,,,,,,,,,,,,,,,,,,,,,,,,,,,,,,,,,,,,,,,,,,,,,,,,,,,,,,,,,,,,,,,,,,,,,,,,,,,,,,,,,,,,,,,,,,,,,,,,,,,,,,,,,,,,,,,,,,,,,,,,,,,,,,,,,,,,,,,,,,,,,,,,,,,,,,,,,,,,,,,,,,,,,,,,,,,,,,,,,,,,,,,,,,,,,,,,,,,,,,,,,,,,,,,,,,,,,,,,,,,,,,,,,,,,,,,,,,,,,,,,,,,,,,,,,,,,,,,,,,,,,,,,,,,,,,,,,,,,,,,,,,,,,,,,,,,,,,,,,,,,,,,,,,,,,,,,,,,,,,,,,,,,,,,,,,,,,,,,,,,,,,,,,,,,,,,,,,,,,,,,,,,,,,,,,,,,,,,,,,,,,,,,,,,,,,,,,,,,,,,,,,,,,,,,0,,,,,,,,,,,,,,,,,,,,,,,,,,,,,,,,,,,,,,,,,,,,,,,,,,,,,,,,,,,,,,,,,,,,,,,,,,,,,,,,,,,,,,,,,,,,,,,,,,,,,,,,,,,,,,,,,,,,,,,,,,,,,,,,,,,,,,,,,,,,,,,
13,2021-09-28 12:20:59,13,en,327531860,2021-09-28 11:51:09,2021-09-28 12:20:59,A1,A1,,A12,,A3,,A9,,A1,,A2,,A4,A10,A10,A13,,,,,,,,,,Y,,A3,,,A4,,Y,,,,,,,,,,,,,,,,,A15,A7,A4,,A2,A1,A3,A1,A2,,,,,,,Y,,,,A2,400,,Y,,,Y,,,,Y,,,,,A7,A22,,A2,A2,A2,A2,A3,A2,A2,A2,A2,A3,A2,A6,A3,A2,A6,A3,A2,A4,A3,A2,,Y,,,,,,,,,,,,,,,,,,,A5,70,20,0,0,5,5,A1,A4,A6,Y,,,,,,,A3,A3,A4,A2,A3,A3,A4,A3,A3,A3,A3,A2,A3,A3,A5,A4,A4,A4,A4,A5,A4,A4,A5,A4,A2,A4,A5,A6,A5,A5,A3,A5,,Y,,Y,,Y,,,,,A2,A2,A1,A6,A3,A4,A3,A1,A2,A6,A2,A1,A2,A1,A2,A2,A1,A2,A1,A2,A2,A4,A2,A3,A2,A2,A2,A3,A2,A2,A1,A1,A1,Y,,Y,,,,,Y,,,,,,,A3,,Y,,,Y,,Y,,,,,,,Y,,,,,,,,,,A3,A3,A5,A6,,A3,A5,A4,A2,A2,A2,A2,A3,A1,A3,A1,A2,A1,A1,A2,A2,Y,,,,,,A2,A2,,A2,,,,Y,,,,,,,,,,,,,,,A2,,,,Y,Y,Y,Y,Y,Y,,,,,,,A3,,,,,,,,,,,,,,,,Y,,,,,,,,,A7,,,,Y,,,,,A2,,,,,,,,,,,Y,,,,Y,,,,,,A2,,,,Y,,,,,,Y,,,,,,,A2,,,,,,,,,,,,,,,,,,,,,,,,,,,Y,,,,,,A1,A2,A4,A4,A3,A3,A3,A2,A3,A3,A2,A2,A2,A2,A2,A2,A2,A3,A2,A2,A2,A1,A1,A2,,,A2,,,A3,A6,A3,A3,A4,A5,A5,A5,A4,A1,A12,,,,,,,,,,,,,,,,,,,,,,,,A3,A5,A5,A3,A2,A2,A16,A1,Y,Y,,Y,,,Y,,Y,Y,,,,,,A3,A2,A3,A2,A4,A4,A3,A3,A3,A2,A3,A2,A1,,A1,,1794.76,14.18,,84.11,,,,,,,,,,,,,,,,242.29,,,,,,,,,,,,,,,,,,,,405.13,,,,,,,,,,,,,232.71,,,,,,,,,,,,,,65.17,,,,,,,,146.73,,,,,,,,33.65,,,,,,,,,,181.32,,,,,,,,,,,,,,,,,,,,,,,157.18,,,,,,,,,,219.54,,,,,,,,,,,,,,,8.74,,4.01,
14,2021-09-28 13:51:07,13,en,1256182707,2021-09-28 13:23:55,2021-09-28 13:51:07,A1,A1,,A5,,A1,,A8,,A1,,A1,,A2,A8,A4,A13,Y,,,,,,,,,,,A1,A2,A3,A4,,Y,,,,,,,,,,,,,,,,,A12,A7,A4,,A2,A2,A1,A2,A2,,,,,,,Y,,,,A1,,,,,,,,,,,,,,,A7,A41,,A2,A4,A2,A6,A4,A2,A2,A1,A2,A3,A1,A1,A1,A2,A6,A1,A2,A2,A1,A2,,,,,,,,,,,Y,,,,,,,,,,A7,60,15,5,15,5,0,A3,A1,A5,Y,,,,,,,A5,A5,A2,A4,A1,A3,A3,A2,A3,A1,A2,A2,A2,A2,A4,A6,A5,A4,A4,A6,A4,A4,A5,A6,A6,A6,A4,A6,A6,A6,A4,A6,,Y,Y,,Y,,,,,A2,A2,A1,A1,A4,A2,A4,A2,A1,A2,A2,A4,A3,A3,A1,A2,A2,A1,A1,A1,A2,A2,A2,A1,A2,A4,A3,A1,A4,A3,A1,A1,A1,A4,,,,,Y,Y,,,Y,,,,,,A4,,,Y,,,,,,,,,,,,,,,,,Y,,,,,,,A2,,A1,A3,A5,A3,A5,A1,A1,A1,A3,A2,A2,A4,A2,A2,A2,A1,Y,,,,,,A5,A1,,A2,,,,Y,,,,,,,,,,,,,,,A2,,,,Y,Y,Y,,Y,Y,Y,,,,,,A3,,,,,,,,,,,,,,,,,,,,,,Y,,,,,,,,,,,,A2,,,,,,,,,,,,,,Y,,,,,,,A2,,Y,,,,,,,,,,,Y,,,,A1,A2,Y,Y,Y,,,,,,,,,Y,,,,,,,,,,,,,,Y,,,,,,A1,A2,A3,A1,A2,A3,A1,A2,A2,A1,A4,A1,A2,A4,A2,A1,A2,A1,A2,A1,A1,A1,A1,A1,,,A2,,,A4,A5,A3,A3,A4,A5,A5,A3,A3,A1,A2,,,,,,,,,,,,,,,,,,,,,,,,A2,A3,A4,A5,A3,A1,A2,A1,,,,Y,,Y,Y,,Y,Y,Y,,,,,A4,A4,A2,A2,A4,A4,A2,A3,A2,A2,A3,A1,A2,,A1,,1635.36,12.97,,121.37,,,,,,,,,,,,,,,,109.02,,,,,,,,,,,,,,,,,,,,406.94,,,,,,,,,,,,,195.52,,,,,,,,,,,,,,48.68,,,,,,,,85.16,,,,,,,,25.84,,,,,,,,,,131.59,,,,,,,,,,,,,,,,,,,,,,,340.16,,,,,,,,,,151.07,,,,,,,,,,,,,,,4.62,,2.42,
15,2021-09-28 15:15:01,13,en,827544171,2021-09-28 14:18:17,2021-09-28 15:15:01,A1,A2,,A2,,A3,,A12,,A1,,A1,,A2,A12,A3,A13,Y,,,,,,,,,,,A1,A2,A3,A4,,Y,,,,,,,,,,,,,,,,,A11,A8,A4,,A1,A3,A3,A3,A2,,,,,,,Y,,,,A2,72,,,Y,,,,,,,,,,,A7,A28,,A1,A3,A1,A6,A4,A1,A1,A3,A1,A3,A6,A2,A3,A1,A6,A1,A3,A3,A1,A2,,,,,,,,Y,,,,,Y,,,,,,,,A6,70,15,5,0,5,5,A2,A2,A7,Y,,,,,,,A3,A5,A1,A6,A1,A5,A4,A6,A3,A1,A1,A2,A2,A1,A2,A2,A4,A4,A2,A2,A4,A2,A2,A6,A2,A5,A7,A6,A6,A2,A4,A4,,Y,Y,,Y,Y,,,,A2,A2,A2,A2,A2,A1,A2,A1,A1,A1,A1,A2,A6,A6,A1,A2,A1,A1,A1,A1,A2,A1,A1,A1,A1,A6,A6,A1,A1,A1,A1,A1,A1,A1,,,,,,,,,,,,Y,,,A4,,,,Y,,,,,,,,,Y,,,,,,,,,,,,,,A3,,A1,A5,A5,A5,A5,A1,A6,A1,A1,A4,A1,A1,A1,A4,A2,A1,Y,,Y,,,,A6,A2,,A2,,,,,,,,Y,,,,,,,,,,,A2,,,,,,Y,Y,Y,Y,Y,,,,,,A3,,,,,,,,,,,,,,,,,,,,,,Y,,,,,,,,,,,,A2,,,,,,,,,,,,,,,,,,Y,,,,,,,,,,,,,,,,,,,,A3,,,,,,,,,,,,,,,,,,,,,,,,,,,Y,,,,,,A1,A3,A2,A1,A2,A2,A3,A3,A2,A3,A3,A1,A2,A2,A1,A1,A1,A2,A2,A3,A1,A2,A1,A6,,,A2,,,A4,A4,A3,A3,A4,A4,A5,A7,A4,A1,A6,,,,,,,,,,,,,,,,,,,,,,,,A3,A5,A4,A3,A2,A2,A8,A1,Y,,,Y,Y,Y,Y,,Y,Y,Y,,,,,A3,A5,A3,A5,A5,A4,A3,A3,A4,A1,A3,A1,A1,,A1,,3409.03,24.23,,592.52,,,,,,,,,,,,,,,,550.51,,,,,,,,,,,,,,,,,,,,510.57,,,,,,,,,,,,,363.83,,,,,,,,,,,,,,191.65,,,,,,,,362.55,,,,,,,,42.47,,,,,,,,,,164.08,,,,,,,,,,,,,,,,,,,,,,,270.35,,,,,,,,,,324.48,,,,,,,,,,,,,,,8.15,,3.64,
16,2021-09-28 15:12:32,13,en,968407556,2021-09-28 14:43:25,2021-09-28 15:12:32,A1,A1,,A5,,A1,,A5,,A1,,A1,,A1,A7,A4,A7,Y,,,,,,,,,,,A1,A2,A3,A4,,Y,,,,,,,,,,,,,,,,,A12,A8,A4,,A2,A2,A1,A2,A2,,,,,,,Y,,,,A1,,,,,,,,,,,,,,,A7,A41,"Test, if this field is working :)",A2,A4,A3,A2,A4,A2,A2,A5,A2,A3,A4,A2,A2,A4,A6,A3,A4,A4,A3,A3,,,,Y,,Y,,,Y,Y,Y,,Y,Y,,,Y,,,,A7,60,20,10,5,5,0,A1,A3,A4,,,,Y,,,,A3,A5,A2,A2,A3,A3,A4,A4,A5,A2,A2,A3,A1,A2,A4,A5,A3,A5,A5,A4,A5,A3,A4,A5,A2,A3,A5,A4,A4,A5,A5,A5,,Y,,,Y,Y,,,,A1,A2,A1,A1,A5,A2,A4,A2,A3,A4,A3,A2,A5,A5,A1,A2,A4,A2,A2,A2,A4,A2,A1,A2,A1,A1,A3,A3,A1,A2,A2,A2,A1,A2,,,Y,Y,Y,,,,,Y,,,,,A3,,,,,,,,,,Y,,,,,,,,,,,Y,,,,,,A3,,A1,A4,A4,A4,A4,A4,A5,A2,A2,A2,A4,A4,A2,A2,A3,A1,,,,,,Y,A4,A2,,A2,,,,,,Y,Y,,,,,,,,,,,,A2,,,,Y,,Y,,Y,Y,,,,,,,A3,,,,,,,,,,,,,,,,,,,,,,Y,,,,,,,,,,,,A2,,,,,,,,,,,,,,,,,,Y,,,,,,,,,,,,,,,,,,,,A2,,,,,,,,,,,,,,,,,,,,,,,,,,,Y,,,,,,A1,A3,A4,A1,A1,A2,A3,A2,A1,A1,A2,A3,A1,A3,A1,A2,A1,A2,A3,A2,A1,A2,A1,A2,,,A2,,,A4,A4,A4,A2,A2,A4,A5,A4,A5,A2,,,,,,,,,,,,,,,,,,,,,,,,,A4,A4,A4,A3,A3,A2,A3,A1,,,,,,Y,Y,,Y,Y,,,,,,A5,A4,A5,A2,A3,A4,A3,A4,A3,A3,A4,A3,A2,,A1,I think this time it worked well,1752.68,54.61,,152.7,,,,,,,,,,,,,,,,171.82,,,,,,,,,,,,,,,,,,,,382.4,,,,,,,,,,,,,242.49,,,,,,,,,,,,,,78.51,,,,,,,,140.01,,,,,,,,37.5,,,,,,,,,,148.51,,,,,,,,,,,,,,,,,,,,,,,162.52,,,,,,,,,,157.71,,,,,,,,,,,,,,,10.18,,13.72,
18,,-1,en,621475960,2021-09-28 16:28:49,2021-09-28 21:18:28,A1,A2,,A1,,,,,,,,,,A5,A9,A1,A12,,,,,,,,,,,,,,,,,,,,,,,,,,,,,,,,,,,,,,,,,,,,,,,,,,,,,,,,,,,,,,,,,,,,,,,,,,,,,,,,,,,,,,,,,,,,,,,,,,,,,,,,,,,,,,,,,,,,,,,,,,,,,,,,,,,,,,,,,,,,,,,,,,,,,,,,,,,,,,,,,,,,,,,,,,,,,,,,,,,,,,,,,,,,,,,,,,,,,,,,,,,,,,,,,,,,,,,,,,,,,,,,,,,,,,,,,,,,,,,,,,,,,,,,,,,,,,,,,,,,,,,,,,,,,,,,,,,,,,,,,,,,,,,,,,,,,,,,,,,,,,,,,,,,,,,,,,,,,,,,,,,,,,,,,,,,,,,,,,,,,,,,,,,,,,,,,,,,,,,,,,,,,,,,,,,,,,,,,,,,,,,,,,,,,,,,,,,,,,,,,,,,,,,,,,,,,,,,,,,,,,,,,,,,,,,,,,,,,,,,,,,,,,,,,,,,,,,,,,,,,,,,,,,,,,,,,,,,,,,,,,,,,,,,,,,,,,,,,,,,,,,,,,,,,,,,,105.61,70.07,,35.54,,,,,,,,,,,,,,,,,,,,,,,,,,,,,,,,,,,,,,,,,,,,,,,,,,,,,,,,,,,,,,,,,,,,,,,,,,,,,,,,,,,,,,,,,,,,,,,,,,,,,,,,,,,,,,,,,,,,,,,,,,,,,,,,,,,,,,,,,,,,
19,,12,en,1415206356,2021-09-29 08:38:06,2021-09-29 09:27:19,A1,A1,,A2,,A3,,A12,,A1,,A1,,A2,A10,A4,A13,Y,,,,,,,,,,,A1,,,,,Y,,,,,,,,,,,,,,,,,A11,A8,A4,,A1,A3,A3,A3,A2,,,,,,,Y,,,,A2,200,,,Y,,Y,,Y,,,,,,,A7,A28,,A7,A7,A7,A7,A7,A7,A7,A7,A7,A7,A7,A7,A7,A7,A7,A7,A7,A7,A7,A1,,,,,,,,,,,,,,,,,,,,,A8,100,0,0,0,0,0,A2,A1,A7,Y,,,,,,,A6,A6,A6,A6,A6,A6,A6,A6,A6,A6,A6,A6,A6,A6,A7,A7,A7,A7,A7,A7,A7,A7,A7,A7,A7,A7,A7,A7,A7,A7,A7,A7,,Y,,,,,,,,,A1,A2,A2,,A1,,A1,,,,,,,,,,,,,,A7,A7,A7,A7,A7,A7,A7,A7,A7,A7,A7,A7,A7,,,,,,,,,,,,Y,,,A4,,,,,,,,,,Y,,,,,,,,,,,Y,,,,,,A1,,A1,A7,A7,A7,A7,A7,A7,A7,A7,A5,A5,A5,A5,A5,A5,A5,Y,,,,,,A6,A5,,A2,,Y,,,,,,,,,,,,,,,,,A2,,,,,,,,,,,,,Y,,,A4,,,,,,,,,,,,,Y,,,,,,,,,,,,,,,,,,,,,A2,,,,,,,,,,,,,,,,,,,Y,,,,,,,,,,,,,,,,,,,A2,,,,,,,,,,,,,,,,,,,,,,,,,,,,,Y,,,,A1,A8,A8,A8,A8,A8,A8,A11,A11,A11,A11,A11,A11,A11,A11,A5,A5,A5,A5,A5,A5,A5,A5,A1,,,A1,,,A4,A7,A7,A7,A7,A7,A7,A7,A7,A2,,,,,,,,,,,,,,,,,,,,,,,,,A7,A7,A7,A7,A7,A7,A8,A1,,,,,,,,,,,,,Y,,,A8,A8,A8,A8,A8,A8,A8,A7,A7,A7,A7,A7,A1,,A1,,2957.21,15.01,,1339.39,,,,,,,,,,,,,,,,285.56,,,,,,,,,,,,,,,,,,,,329.94,,,,,,,,,,,,,336.71,,,,,,,,,,,,,,54.6,,,,,,,,93.12,,,,,,,,21.83,,,,,,,,,,290.79,,,,,,,,,,,,,,,,,,,,,,,69.46,,,,,,,,,,109.19,,,,,,,,,,,,,,,11.61,,,
21,2021-09-29 17:34:28,13,en,782390717,2021-09-29 17:17:52,2021-09-29 17:34:28,A1,A1,,A10,,A7,,A11,,A1,,A1,,A3,A9,A3,A12,Y,,,,,,,,,,,A1,A1,A3,A1,test additional field,Y,,,,,,,,,,,,,,,,,A19,A5,A4,,A1,A3,A1,A2,A2,,,,,,,Y,,,,A2,3000,Y,Y,,,Y,Y,Y,,Y,Y,,,,A7,A42,,A5,A2,A2,A4,A5,A6,A3,A3,A5,A4,A4,A6,A2,A5,A6,A4,A3,A4,A4,A4,Y,Y,,,Y,Y,,,Y,Y,Y,Y,Y,,,,Y,Y,Y,,A5,40,10,5,5,20,20,A1,A3,A7,Y,,,,,,,A5,A2,A3,A5,A2,A5,A2,A4,A4,A2,A3,A2,A2,A2,A5,A5,A5,A5,A5,A5,A5,A5,A5,A5,A7,A4,A5,A5,A5,A5,A5,A5,,Y,Y,,Y,,,,,A2,A1,A1,A1,,A4,,A4,,,,,,,,,,,,,,A1,A5,A1,A2,A4,A2,A1,A3,A4,A1,A2,A3,A3,,,Y,,Y,Y,Y,,,,,,,,A3,,,,,,,,,Y,,,,Y,Y,,,,,,,,,,,,,A6,,A1,A1,A4,A2,A2,A2,A5,A3,A2,A2,A2,A3,A2,A3,A3,A3,,Y,Y,,,,A4,A3,,A2,,,,Y,,,,,,,,,,,,,,,A2,,,,Y,,Y,Y,Y,,Y,,,,,,A3,,,,,,,,,,,,,Y,,,,,,,,,,,,,,,,,,,,,A2,,,,,,,,,,,Y,Y,,,,,,,,,A1,,,Y,,,,,,,,,,Y,,,,A1,A2,,,Y,Y,,,,,,Y,,,Y,,,,,,,,,,,,,,Y,,,,,A1,A2,A3,A2,A2,A2,A3,A1,A3,A2,A1,A2,A2,A1,A2,A4,A2,A4,A4,A2,A2,A4,A3,A3,,,A2,,,A4,A5,A4,A3,A4,A5,A5,A4,A5,A1,A6,,,,,,,,,,,,,,,,,,,,,,,,A4,A5,A5,A3,A1,A1,A17,A3,,,,,,Y,Y,,,Y,Y,,,,,A3,A4,A4,A5,A5,A5,A3,A4,A3,A4,A3,A3,A3,,A2,,999.26,6.05,,69.81,,,,,,,,,,,,,,,,100.3,,,,,,,,,,,,,,,,,,,,253.42,,,,,,,,,,,,,125.2,,,,,,,,,,,,,,40.43,,,,,,,,64.17,,,,,,,,17.88,,,,,,,,,,90.05,,,,,,,,,,,,,,,,,,,,,,,99.37,,,,,,,,,,124.69,,,,,,,,,,,,,,,5.47,,2.42,
22,2021-09-30 10:26:58,13,en,399782003,2021-09-30 09:56:07,2021-09-30 10:26:58,A1,A1,,A8,,A5,,A5,,A1,,A1,,A3,A10,A3,A9,,,,,,,Y,,,,,A3,,,A4,,,,,Y,,,,,,A1,,,,,,,,A10,A7,A5,,A2,A3,A2,A1,A1,,,,,,,,Y,,,A2,1000,,,,Y,Y,,,,,,,,software license,A1,A1,,A2,A3,A6,A3,A4,A2,A2,A2,A2,A2,A2,A3,A2,A2,A4,A2,A2,A2,A2,A1,,,,,,,,,,,,,,,,,,,,,A8,70,10,10,5,5,0,A2,A3,A9,,,,Y,,,,A4,A2,A3,A3,A1,A2,A3,A4,A3,A1,A2,A2,A2,A2,A4,A6,A5,A4,A4,A4,A5,A4,A4,A4,A6,A3,A5,A4,A4,A4,A4,A4,,Y,Y,,Y,Y,,,,A2,A2,A1,A2,A7,A3,A6,A2,A1,A1,A2,A1,A4,A1,A1,A4,A1,A1,A1,A1,A1,A1,A1,A1,A1,A4,A2,A1,A1,A1,A1,A1,A1,A1,Y,,,,Y,,,,,,,,,,A4,,,,,,,,,Y,,,,,,Y,,,,,,,,,A3,A3,A2,A2,,A1,A4,A4,A2,A2,A1,A1,A1,A1,A2,A2,A3,A2,A2,A4,A1,,Y,,,,,A2,A2,,A2,,,,,Y,,Y,,,,,,,,,,,,A2,,,,Y,,,Y,Y,Y,Y,,,,,,A3,,,,,,,,,,,,,,,,,,,,,,Y,,,,,,,,,,,,A2,,,,,,,,,,,,,,,,,,Y,,,,,,,,,,,,,,,,,,,,A1,A1,,Y,,,,,,,,,,Y,,,Language,,Y,,,,,,,,,,,,,,,A1,A3,A2,A1,A3,A3,A2,A3,A1,A2,A3,A2,A2,A2,A2,A1,A1,A1,A2,A1,A1,A1,A1,A6,,,A2,,,A4,A3,A3,A2,A2,A3,A4,A3,A3,A1,A9,,,,,,,,,,,,,,,,,,,,,,,,A7,A5,A4,A3,A3,A3,A16,A1,,,,,,Y,Y,,,,,,,,,A6,A7,A7,A3,A4,A4,A4,A3,A3,A3,A3,A3,A2,,A1,,1856.52,25.68,,160.55,,,,,,,,,,,,,,,,273.32,,,,,,,,,,,,,,,,,,,,422.09,,,,,,,,,,,,,257.93,,,,,,,,,,,,,,72.23,,,,,,,,101.65,,,,,,,,35.17,,,,,,,,,,129.46,,,,,,,,,,,,,,,,,,,,,,,164.89,,,,,,,,,,201.94,,,,,,,,,,,,,,,7.84,,3.77,
24,,2,en,542353703,2021-09-30 12:36:36,2021-09-30 12:37:36,A1,A1,,A1,,A1,,A28,,A4,,A5,,A5,A10,A2,A10,Y,,,,,,,Y,,,,A3,,,A3,,,,,,,,,,,,,,,,,,,,,,,,,,,,,,,,,,,,,,,,,,,,,,,,,,,,,,,,,,,,,,,,,,,,,,,,,,,,,,,,,,,,,,,,,,,,,,,,,,,,,,,,,,,,,,,,,,,,,,,,,,,,,,,,,,,,,,,,,,,,,,,,,,,,,,,,,,,,,,,,,,,,,,,,,,,,,,,,,,,,,,,,,,,,,,,,,,,,,,,,,,,,,,,,,,,,,,,,,,,,,,,,,,,,,,,,,,,,,,,,,,,,,,,,,,,,,,,,,,,,,,,,,,,,,,,,,,,,,,,,,,,,,,,,,,,,,,,,,,,,,,,,,,,,,,,,,,,,,,,,,,,,,,,,,,,,,,,,,,,,,,,,,,,,,,,,,,,,,,,,,,,,,,,,,,,,,,,,,,,,,,,,,,,,,,,,,,,,,,,,,,,,,,,,,,,,,,,,,,,,,,,,,,,,,,,,,,,,,,,,,,,,,,,,,,,,,,,,,,,,,,,,,,,,,,,,,,,,,,,,,,,,,,,,,,,,,,,,,,61.25,20.19,,41.06,,,,,,,,,,,,,,,,,,,,,,,,,,,,,,,,,,,,,,,,,,,,,,,,,,,,,,,,,,,,,,,,,,,,,,,,,,,,,,,,,,,,,,,,,,,,,,,,,,,,,,,,,,,,,,,,,,,,,,,,,,,,,,,,,,,,,,,,,,,,
27,2021-09-30 18:12:03,13,en,838950163,2021-09-30 17:27:30,2021-09-30 18:12:03,A1,A3,,A2,,A3,,A2,,A3,,A1,,A5,A11,A2,A10,Y,,,,,,,,,,,A1,A2,A3,A4,,,Y,,,,,,,,,,,,,,,,A13,A5,A4,,A2,A1,A1,A3,A2,,,,,,,Y,,,,A1,,,,,,,,,,,,,,,A7,A22,,A4,A2,A1,A4,A3,A2,A2,A3,A4,A3,A3,A2,A2,A2,A6,A2,A4,A3,A4,A1,,,,,,,,,,,,,,,,,,,,,A5,50,30,0,0,0,20,A2,A3,A5,,Y,,,,,,A2,A5,A2,A3,A1,A4,A2,A3,A3,A1,A2,A2,A1,A1,A4,A2,A4,A4,A2,A3,A3,A4,A4,A6,A4,A2,A2,A6,A5,A3,A5,A5,"It is hard to average the time I spent on tasks. They change drastically in time. If one has teaching duties it can take over 50% of your time, close to the exam and then drops to nearly 0%. Same during an experimental campaign. ",Y,,,Y,,,,,A1,A2,A1,A1,A3,A2,A2,A1,A1,A1,A1,A4,A5,A5,A1,A4,A2,A1,A1,A3,A2,A1,A3,A1,A2,A5,A3,A2,A4,A1,A1,A1,A3,A3,Y,,,Y,,,Y,,,,,,,,A3,,,,,,,,,Y,,,,,,,,,,,Y,,,,,,,A6,,A1,A5,A4,A4,A4,A2,A2,A1,A2,A2,A2,A2,A1,A2,A3,A3,,,,,Y,,A2,A2,,A2,,,,Y,,,,,,,,,,,,,,,A2,,,,Y,,Y,Y,Y,Y,Y,,,,,,A3,,,,,,,,,,,,,,,,,,,,,,Y,,,,,,,,,,,,A2,,,,,,,,,,,,Y,,,,,,,,,A1,,,Y,,,,,,,,,,,,,Expertise,A2,,,,,,,,,,,,,,,,,,,,,,,,,,,,,,Working style,,,A1,A3,A3,A1,A2,A3,A2,A2,A1,A2,A3,A1,A2,A4,A2,A2,A1,A1,A2,A1,A1,A1,A1,A2,,,A2,,,A4,A4,A4,A3,A3,A3,A5,A4,A4,A2,,,,,,,,,,,,,,,,,,,,,,,,,A4,A5,A4,A3,A4,A2,A18,A1,,,,Y,Y,Y,Y,,Y,Y,Y,,,,,A3,A4,A4,A4,A4,A3,A3,A4,A4,A1,A3,A3,A2,,A1,,2677.46,73.18,,166.45,,,,,,,,,,,,,,,,223.97,,,,,,,,,,,,,,,,,,,,746.2,,,,,,,,,,,,,311.79,,,,,,,,,,,,,,72.49,,,,,,,,133.47,,,,,,,,57.34,,,,,,,,,,281.75,,,,,,,,,,,,,,,,,,,,,,,279.98,,,,,,,,,,298.97,,,,,,,,,,,,,,,26.53,,5.34,
28,,9,en,531787568,2021-09-30 18:07:46,2021-09-30 18:35:50,A1,,,A2,,A3,,A25,,A5,,A2,,A5,A9,A1,A12,,Y,,,,,,,,,,A2,,,,,,Y,,,,,,,,,,,,,,,,A2,A6,A2,,A2,A3,A1,A2,A2,,,Y,,,,,,,A2,A3,,,,,,,,,,,,,,,A7,A5,,A1,A1,A1,A1,A1,A1,A1,A1,A1,A1,A1,A1,A1,A1,A1,A1,A1,A1,A1,A2,,,,,,,,Y,,,,,,,,,,,,,A10,20,20,20,20,20,0,A1,A1,A6,,Y,,,,,,A1,A1,A1,A1,A1,A1,A1,A1,A1,A1,A1,A1,A1,A1,A2,A2,A2,A2,A2,A2,A2,A2,A2,A2,A2,A2,A2,A2,A2,A2,A2,A2,,Y,,,Y,,,,,A2,A1,A5,A5,,A4,,A6,,,,,,,,,,,,,,A1,A1,A1,A1,A1,A1,A1,A1,A1,A1,A1,A1,A1,Y,,,,,,,,,,,,,,A1,,,Y,,,,,,,,,,,,,,,,,,,Y,,A3,A3,A3,A4,,A1,A5,A5,A5,A5,A5,A5,A5,A5,A1,A1,A1,A1,A1,A1,A1,,,Y,,,,A2,A6,,A1,A2,,Y,,,,,,,,,,,Y,,,,A3,A4,,,,,,,Y,,,,,,,,,A3,,,,,,,,,,,,,,Y,,,Y,Y,,,,,,,A7,,,,,Y,,,,A1,A2,Y,,,,,,,,,,,Y,,,,,,,,A2,,Y,,,,,,,,Y,,,,,,,A1,A2,Y,,,,,,,,Y,,,,,,,,Y,,,,,,,,,,,,,,,,,,,,,,,,,,,,,,,,,,,,,,,,,,,,,,,,,,,,,,,,,,,,,,,,,,,,,,,,,,,,,,,,,,,,,,,,,,,,,,,,,,,,,,,,,,,,,,,,,,,,,1689.23,54.66,,509.42,,,,,,,,,,,,,,,,35.05,,,,,,,,,,,,,,,,,,,,330.69,,,,,,,,,,,,,114.73,,,,,,,,,,,,,,99.63,,,,,,,,217.11,,,,,,,,167.03,,,,,,,,,,160.91,,,,,,,,,,,,,,,,,,,,,,,,,,,,,,,,,,,,,,,,,,,,,,,,,,,
30,,2,en,738248439,2021-10-01 08:51:32,2021-10-01 09:30:01,A1,A3,,A1,,A3,,A4,,A5,,A1,,A4,A2,A2,A2,Y,,,,,,,,,,,A1,A2,A2,,,,,,,,,,,,,,,,,,,,,,,,,,,,,,,,,,,,,,,,,,,,,,,,,,,,,,,,,,,,,,,,,,,,,,,,,,,,,,,,,,,,,,,,,,,,,,,,,,,,,,,,,,,,,,,,,,,,,,,,,,,,,,,,,,,,,,,,,,,,,,,,,,,,,,,,,,,,,,,,,,,,,,,,,,,,,,,,,,,,,,,,,,,,,,,,,,,,,,,,,,,,,,,,,,,,,,,,,,,,,,,,,,,,,,,,,,,,,,,,,,,,,,,,,,,,,,,,,,,,,,,,,,,,,,,,,,,,,,,,,,,,,,,,,,,,,,,,,,,,,,,,,,,,,,,,,,,,,,,,,,,,,,,,,,,,,,,,,,,,,,,,,,,,,,,,,,,,,,,,,,,,,,,,,,,,,,,,,,,,,,,,,,,,,,,,,,,,,,,,,,,,,,,,,,,,,,,,,,,,,,,,,,,,,,,,,,,,,,,,,,,,,,,,,,,,,,,,,,,,,,,,,,,,,,,,,,,,,,,,,,,,,,,,,,,,,,,,,,,2310.23,5.33,,2304.9,,,,,,,,,,,,,,,,,,,,,,,,,,,,,,,,,,,,,,,,,,,,,,,,,,,,,,,,,,,,,,,,,,,,,,,,,,,,,,,,,,,,,,,,,,,,,,,,,,,,,,,,,,,,,,,,,,,,,,,,,,,,,,,,,,,,,,,,,,,,
31,2021-10-03 16:39:59,13,en,2023162620,2021-10-03 16:07:43,2021-10-03 16:39:59,A1,A1,,A14,,A3,,A10,,A1,,A1,,A4,A8,A1,A12,Y,,,,Y,,,,,,,A1,A3,A2,A2,,Y,,Y,,,,,,,,,,,,,,,A10,A15,A5,,A4,A2,A1,A4,A1,,,Y,,,,,,,A3,A2,674,,,Y,,,Y,,,,,,,,A3,A40,,A1,A1,A1,A2,A1,A2,A2,A1,A2,A1,A1,A1,A2,A1,A1,A2,A1,A2,A2,A1,,,,,,,,,,,,,,,,,,,,,A8,100,0,0,0,0,0,A3,A5,A4,,,,Y,,,,A1,A1,A2,A1,A1,A1,A2,A1,A2,A1,A2,A1,A1,A2,A2,A2,A2,A2,A2,A2,A3,A2,A2,A3,A2,A3,A2,A2,A2,A3,A2,A3,,Y,Y,Y,Y,Y,,,,A1,A2,A2,A3,A1,A2,A2,A4,A1,A1,A1,A1,A1,A1,A1,A1,A1,A1,A1,A1,A1,A1,A1,A1,A1,A1,A1,A1,A1,A1,A1,A1,A1,A1,,Y,,,,,,,,,Y,,,,A1,,Y,,,,,Y,,,,,,Y,,,,Y,,,,,,,,,,A2,,A1,A5,A4,A5,A4,A5,A4,A5,A4,A1,A1,A2,A1,A2,A1,A2,Y,,,,,,A2,A2,,A1,A1,,,,Y,,,,,Y,,,Y,,,,,A2,A2,,,,Y,,,Y,,,,,,,,,A1,,,,,,,,,,SQ003,,A2,,Y,,,,,,,,,,,A2,,,Y,,,,,,A1,A2,Y,,,,,,,,,,,,,Y,,,,,,A3,,Y,,,,,,,Y,,,,,,,,A1,A1,,,,,Y,,,,,Y,,,,,,,Y,,,,,,Y,,,,,,,,,A1,A1,A2,A1,A2,A1,A1,A1,A1,A2,A1,A1,A1,A2,A1,A1,A2,A1,A2,A1,A1,A1,A2,A3,,,A1,,,A2,A1,A2,A1,A3,A2,A1,A2,A1,A1,A11,Y,,,,,,,,,,,,,,,,,,,,,,,A4,A5,A4,A3,A3,A1,A13,A1,,,,Y,,Y,Y,Y,Y,Y,Y,,,,,A2,A1,A3,A4,A4,A5,A2,A4,A3,A3,A3,A4,A1,,A1,,1940.52,7.4,,596.68,,,,,,,,,,,,,,,,183.12,,,,,,,,,,,,,,,,,,,,237.66,,,,,,,,,,,,,210.06,,,,,,,,,,,,,,44.06,,,,,,,,110.61,,,,,,,,147.32,,,,,,,,,,164.58,,,,,,,,,,,,,,,,,,,,,,,33.25,,,,,,,,,,197.14,,,,,,,,,,,,,,,6.29,,2.35,
32,2021-10-04 12:05:53,13,en,1729964023,2021-10-04 11:14:18,2021-10-04 12:05:53,A1,A1,,A5,,A1,,A10,,A3,,A2,,A3,A5,A2,A10,,,,,,Y,,,,,,A3,,,A4,,Y,,,,,,,,,,,,,,,,,A13,A6,A4,,A2,A1,A3,A3,A2,,,,,,,Y,,,,A2,2000,Y,,,,,,,,,,,,,A7,A41,,A4,A2,A1,A2,A4,A4,A2,A1,A5,A4,A5,A2,A4,A2,A3,A4,A2,A5,A3,A1,,,,,,,,,,,,,,,,,,,,,A6,70,10,20,0,0,0,A2,A3,A6,,Y,,,,,,A3,A5,A2,A2,A3,A5,A4,A5,A5,A1,A1,A2,A1,A4,A5,A4,A4,A2,A5,A4,A3,A5,A5,A5,A2,A3,A3,A5,A4,A5,A5,A5,,,,,Y,,,,,A2,A2,A2,A1,A5,A2,A4,A3,A1,A2,A2,A4,A4,A4,A2,A1,A3,A1,A1,A1,A4,A4,A1,A1,A1,A1,A2,A5,A1,A1,A3,A4,A2,A5,,Y,,,,,,Y,Y,,,,,,A3,,Y,,Y,Y,Y,,,,,,,,,,,,,Y,,,,,A3,A1,A5,A2,,A1,A4,A1,A1,A1,A5,A3,A1,A1,A2,A2,A2,A2,A1,A3,A3,Y,,,,,,A4,A1,,A2,,,,,,,Y,,,,,,,,,,,,A2,,,,Y,,,,,,,,,,,,A3,,,,,,,,,,,,,,,,,,,,,,Y,,,,,,,,,,,,A2,,,,,,,,,,,Y,Y,,,,,,,,,A2,,Y,,,,,,,,,,,Y,,,,A1,A2,,Y,,,,,,,,,,Y,,,,,,,,,,,,,,Y,,,,,,A1,A1,A3,A3,A2,A2,A4,A2,A3,A3,A2,A4,A2,A1,A4,A2,A2,A4,A3,A2,A3,A4,A4,A2,,,A1,,,A2,A1,A2,A3,A4,A1,A4,A1,A1,A2,,,,,,,,,,,,,,,,,,,,,,,,,A5,A3,A1,A3,A5,A4,A4,A2,,,,Y,,Y,Y,,,,,,,,,A1,A2,A2,A2,A3,A3,A3,A2,A3,A3,A3,A2,A1,,A2,,3100.55,9.44,,100.23,,,,,,,,,,,,,,,,290.49,,,,,,,,,,,,,,,,,,,,878.71,,,,,,,,,,,,,415.87,,,,,,,,,,,,,,241.61,,,,,,,,112.36,,,,,,,,34.92,,,,,,,,,,218.87,,,,,,,,,,,,,,,,,,,,,,,650.46,,,,,,,,,,137.6,,,,,,,,,,,,,,,7.57,,2.42,
33,2021-10-04 14:24:49,13,en,1895031003,2021-10-04 12:47:14,2021-10-04 14:24:49,A1,A2,,A5,,A3,,A11,,A1,,A6,,A3,A9,A5,A3,Y,,,,,,,,,,,A1,A2,A3,A4,,Y,,,,,,,,,,,,,,,,,A12,A5,A4,,A1,A3,A1,A3,A2,,,,,,,Y,,,,A2,100,,,,,Y,,,,Y,,,,,A7,A26,,A1,A5,A1,A6,A2,A2,A4,A2,A2,A3,A4,A2,A1,A4,A6,A1,A2,A4,A2,A1,,,,,,,,,,,,,,,,,,,,,A5,40,10,10,10,10,20,A3,A2,A7,Y,,,,,,,A5,A5,A4,A5,A2,A5,A4,A4,A3,A1,A2,A3,A3,A1,A2,A2,A5,A2,A4,A7,A2,A3,A3,A5,A2,A2,A2,A6,A6,A2,A3,A3,,Y,Y,Y,Y,Y,,,,A2,A1,A2,A2,,A2,,A2,,,,,,,,,,,,,,A1,A4,A1,A1,A3,A1,A2,A1,A1,A1,A1,A1,A1,,,,,Y,Y,,,,,,,,,A3,,Y,,,,,,,,,,,,,,,,,,Y,,,,,,,A6,,A1,A4,A4,A3,A3,A4,A5,A1,A4,A4,A2,A4,A2,A2,A2,A4,,,,,Y,,A4,A2,,A4,,Y,,,,,,,,,,,,,,,,,A1,A2,,,Y,Y,Y,Y,Y,Y,Y,Y,,,,,A3,,,,,,,,,,,,,,,,,,,,,,Y,,,,,,,,,,,,A2,,,,,,,,,,,,,,Y,,,,,,,A4,,,,Y,,,,,,,,,,Y,,,A1,A2,Y,Y,Y,Y,,,,,,,,Y,,,,,,,,Y,,,,,,,,,,,,A1,A1,A4,A3,A1,A3,A2,A1,A2,A1,A3,A1,A2,A4,A2,A2,A2,A4,A4,A3,A4,A2,A1,A3,,,A2,,,A4,A3,A4,A3,A4,A2,A5,A3,A4,A1,A6,,,,,,,,,,,,,,,,,,Y,,,,,,A4,A5,A4,A3,A4,A2,A15,A1,Y,,,Y,,Y,Y,Y,Y,Y,Y,,,,,A6,A4,A1,A2,A2,A4,A3,A4,A4,A4,A4,A3,A2,Some dummy text.,A1,Nope.,5860.18,1140.06,,320.51,,,,,,,,,,,,,,,,395.43,,,,,,,,,,,,,,,,,,,,718.8,,,,,,,,,,,,,431.56,,,,,,,,,,,,,,82.54,,,,,,,,148.02,,,,,,,,44.72,,,,,,,,,,326.8,,,,,,,,,,,,,,,,,,,,,,,1899.42,,,,,,,,,,327.27,,,,,,,,,,,,,,,17.3,,7.75,
34,,3,en,962271869,2021-10-04 14:20:29,2021-10-04 19:54:56,A1,A3,,A5,,A3,,A12,,A1,,A4,,A3,A14,A3,A9,Y,,,,,,,,,,,A3,,,A4,,Y,,,,,,,,,,,,,,,,,A13,A9,A4,,A2,A1,A1,A3,A2,,,,,,,Y,,,,A1,,,,,,,,,,,,,,,A7,A41,,,,,,,,,,,,,,,,,,,,,,,,,,,,,,,,,,,,,,,,,,,0,0,0,0,0,0,,,,,,,,,,,,,,,,,,,,,,,,,,,,,,,,,,,,,,,,,,,,,,,,,,,,,,,,,,,,,,,,,,,,,,,,,,,,,,,,,,,,,,,,,,,,,,,,,,,,,,,,,,,,,,,,,,,,,,,,,,,,,,,,,,,,,,,,,,,,,,,,,,,,,,,,,,,,,,,,,,,,,,,,,,,,,,,,,,,,,,,,,,,,,,,,,,,,,,,,,,,,,,,,,,,,,,,,,,,,,,,,,,,,,,,,,,,,,,,,,,,,,,,,,,,,,,,,,,,,,,,,,,,,,,,,,,,,,,,,,,,,,,,,,,,,,,,,,,,,,,,,,,,,,,,,,,,,,,,,,,,,,,,,,,,,,,,,,,,,,,,,,,,,,,,,,,,,,,,,,,,,,,,,,,,,,,,,,,,,,,,,,,,,,,,,,,,,20067.3,10.66,,19951.2,,,,,,,,,,,,,,,,105.44,,,,,,,,,,,,,,,,,,,,,,,,,,,,,,,,,,,,,,,,,,,,,,,,,,,,,,,,,,,,,,,,,,,,,,,,,,,,,,,,,,,,,,,,,,,,,,,,,,,,,,,,,,,,,,,,,,,,,,,,,,,,
37,2021-10-04 15:33:31,13,en,1159089907,2021-10-04 15:01:02,2021-10-04 15:33:31,A1,A2,,A3,,A3,,A7,,A3,,A1,,A2,A6,A3,A4,Y,,,,,,,,,,,A1,A2,A3,A4,,Y,,,,,,,,,,,,,,,,,A11,A8,A8,,A1,A2,A3,A1,A2,,,,,,,Y,,,,A1,,,,,,,,,,,,,,,A7,A28,,A2,A3,A2,A6,A3,A2,A2,A2,A3,A2,A4,A2,A3,A3,A6,A2,A2,A2,A2,A3,,,,,,,,,,,,,Y,,,,Y,,,,A6,40,10,10,10,5,25,A2,A3,A4,,Y,,,,,,A4,A5,A2,A4,A2,A5,A3,A5,A5,A2,A2,A2,A2,A2,A4,A4,A5,A5,A4,A3,A4,A4,A4,A5,A3,A6,A4,A4,A4,A4,A4,A3,,Y,Y,,Y,Y,,,,A2,A2,A1,A1,A5,A3,A4,A2,A1,A4,A2,A2,A3,A3,A1,A1,A2,A1,A1,A2,A3,A1,A1,A2,A1,A3,A3,A1,A1,A1,A2,A1,A1,A1,Y,,,Y,,Y,,,,Y,,,,,A2,,,,,,,,,Y,,,,Y,,,,,,,,,,,,,,A2,,A1,A3,A4,A4,A4,A3,A5,A3,A4,A2,A3,A2,A2,A2,A2,A2,,,,,Y,,A6,A5,,A2,,,,,,,,Y,,,,,,,,,,,A2,,,,Y,,,,Y,Y,,,,,,,A3,,,,,,,,,,,,,,,,,,,,,,Y,,,,,,,,,,,,A1,A1,,,,Y,,,,,,,,,,,,,Y,,,,,,,,,,,,,,,,,,,,A1,A2,,,,Y,,,,,,,,Y,,,,,,,,,,,,,,Y,,,,,,A1,A2,A3,A1,A1,A2,A4,A1,A4,A4,A2,A4,A3,A2,A3,A2,A2,A2,A2,A2,A4,A4,A2,A4,,,A2,,,A4,A6,A6,A6,A5,A4,A5,A6,A5,A1,A6,,,,,,,,,,,,,,,,,,,,,,,,A1,A5,A3,A5,A4,A3,A4,A1,,,,Y,,Y,Y,Y,Y,Y,Y,,,,,A6,A5,A5,A4,A4,A5,A4,A4,A4,A2,A3,A3,A2,,A1,,1951.67,15.82,,174.43,,,,,,,,,,,,,,,,316.68,,,,,,,,,,,,,,,,,,,,455.89,,,,,,,,,,,,,179.07,,,,,,,,,,,,,,39.51,,,,,,,,144.23,,,,,,,,38.92,,,,,,,,,,167.75,,,,,,,,,,,,,,,,,,,,,,,187.79,,,,,,,,,,216.59,,,,,,,,,,,,,,,8.62,,6.37,
38,,3,en,919722227,2021-10-04 15:37:51,2021-10-04 15:41:38,A1,A1,,A4,,A2,,A32,,A1,,A1,,A6,A7,A1,A13,Y,,,,,,,,,,,A2,,,A1,,Y,,,,,,,Y,,,,,,,,,,A2,A4,A2,,A3,A2,A2,A2,A2,,,,,,,,Y,,,A3,,,,,,,,,,,,,,,A9,A15,,,,,,,,,,,,,,,,,,,,,,,,,,,,,,,,,,,,,,,,,,,0,0,0,0,0,0,,,,,,,,,,,,,,,,,,,,,,,,,,,,,,,,,,,,,,,,,,,,,,,,,,,,,,,,,,,,,,,,,,,,,,,,,,,,,,,,,,,,,,,,,,,,,,,,,,,,,,,,,,,,,,,,,,,,,,,,,,,,,,,,,,,,,,,,,,,,,,,,,,,,,,,,,,,,,,,,,,,,,,,,,,,,,,,,,,,,,,,,,,,,,,,,,,,,,,,,,,,,,,,,,,,,,,,,,,,,,,,,,,,,,,,,,,,,,,,,,,,,,,,,,,,,,,,,,,,,,,,,,,,,,,,,,,,,,,,,,,,,,,,,,,,,,,,,,,,,,,,,,,,,,,,,,,,,,,,,,,,,,,,,,,,,,,,,,,,,,,,,,,,,,,,,,,,,,,,,,,,,,,,,,,,,,,,,,,,,,,,,,,,,,,,,,,,,228.81,6.06,,116.76,,,,,,,,,,,,,,,,105.99,,,,,,,,,,,,,,,,,,,,,,,,,,,,,,,,,,,,,,,,,,,,,,,,,,,,,,,,,,,,,,,,,,,,,,,,,,,,,,,,,,,,,,,,,,,,,,,,,,,,,,,,,,,,,,,,,,,,,,,,,,,,
39,2021-10-04 16:56:12,13,en,198077766,2021-10-04 16:13:03,2021-10-04 16:56:12,A1,A1,,A6,,A1,,A9,,A3,,A1,,A2,A6,A4,A12,Y,Y,,,,,,,,,,A3,,,A5,,,,Y,,,,,,,,,,,,,,,A5,A3,A4,,A1,A3,A3,A3,A2,,,,,,,Y,,,,A2,100,,,,,,,,,,Y,,,,A7,A27,,A4,A5,A4,A4,A4,A5,A4,A3,A5,A3,A5,A2,A2,A4,A4,A3,A4,A4,A2,A4,,,,,Y,,,,,Y,Y,,Y,,,,Y,,,,A7,40,40,10,0,10,0,A2,A6,A3,,Y,,,,,,A4,A5,A2,A5,A1,A5,A4,A5,A5,A3,A4,A2,A4,A5,A5,A4,A5,A4,A5,A5,A5,A5,A4,A5,A2,A3,A4,A5,A5,A4,A5,A4,,,,,Y,Y,,,,A2,A1,A1,A1,,A4,,A2,,,,,,,,,,,,,,A2,A3,A4,A2,A2,A4,A3,A4,A4,A2,A1,A1,A5,,,,,Y,Y,,,,,,,,,A3,,,Y,,,,,,,,,,,,,,Y,Y,Y,,,,,A3,A2,A2,A2,,A1,A5,A4,A4,A1,A1,A1,A1,A3,A2,A3,A3,A2,A3,A2,A3,,,,Y,,,A5,A3,,A2,,,,Y,,Y,Y,Y,,,,,,,,,,,A2,,,,Y,Y,Y,Y,Y,Y,Y,,,,,,A3,,,,,,,,,,,,,,,,,,,,,,Y,,,,,,,,,,,,A2,,,,,,,,,,,,,,,,,,Y,,,,,,,,,,,,,,,,,,,,A1,A2,,,,Y,,,,,,,,Y,,,,Y,,,,,,Y,,,,,,,,,,A1,A2,A4,A2,A2,A1,A3,A4,A3,A2,A2,A1,A4,A1,A3,A4,A2,A2,A3,A1,A4,A2,A1,A2,,,A4,,,A4,A3,A5,A4,A4,A4,A4,A4,A4,A1,A8,,,,,,,,,,,,,,,,,,,,,,,,A3,A2,A2,A3,A5,A5,A1,A1,,,,Y,,Y,,,,Y,,,,,,A3,A4,A4,A4,A4,A5,A3,A3,A1,A3,A3,A3,A4,,A3,,2594.06,16.4,,172.43,,,,,,,,,,,,,,,,563.57,,,,,,,,,,,,,,,,,,,,524.07,,,,,,,,,,,,,258.66,,,,,,,,,,,,,,129.6,,,,,,,,123.75,,,,,,,,40.57,,,,,,,,,,239.42,,,,,,,,,,,,,,,,,,,,,,,209.78,,,,,,,,,,293.12,,,,,,,,,,,,,,,19.55,,3.14,
40,2021-10-04 17:21:44,13,en,513544910,2021-10-04 16:41:42,2021-10-04 17:21:44,A1,A1,MPI,A2,,A5,,A12,,A3,,A1,,A6,A8,A1,A9,Y,,,,,,,,,,,A2,,,A4,,Y,,,,,,,,,,,,,,,,,A13,A8,A3,,A3,A2,A1,A1,A2,,,,,,,Y,,,,A1,,,,,,,,,,,,,,,A7,A22,,A2,A1,A1,A6,A2,A4,A4,A1,A4,A4,A4,A6,A2,A3,A6,A3,A2,A4,A2,A2,,,,,,Y,,Y,,Y,Y,Y,,,,,,,,,A5,65,1,10,4,20,0,A3,A4,A7,Y,,,,,,,A3,A5,A1,A5,A2,A2,A2,A2,A3,A2,A4,A1,A1,A2,A4,A2,A3,A4,A5,A5,A3,A5,A4,A5,A6,A2,A5,A6,A4,A5,A4,A5,,Y,Y,,Y,Y,,,,A2,A2,A1,A1,A7,A3,A6,A1,A1,A2,A6,A4,A5,A5,A6,A2,A3,A3,A1,A1,A1,A1,A1,A2,A1,A3,A1,A2,A2,A1,A1,A1,A1,A4,Y,,,,Y,,,,,,Y,,,,A3,,,,Y,,,,Y,,,,,Y,Y,,,,,,,,,,A3,A2,A1,A6,,A3,A4,A5,A5,A4,A2,A2,A1,A3,A3,A1,A3,A3,A3,A2,A3,Y,,,,,,A4,A3,,A2,,,,,Y,,Y,,,,,,,,,,,,A2,,,,Y,Y,,Y,,Y,,,,,,,A3,,,,,,,,,,,,,,,,,,,,,,Y,,,,,,,,,,,,A2,,,,,,,,,,,,,,,Y,,,,,,A2,,,Y,,,,,,,,,,,Y,,,A1,A2,,,Y,Y,,,,,Y,,,,,,,,,,,,,,,,,,,,language,,,A1,A2,A2,A3,A1,A2,A3,A4,A3,A1,A3,A2,A4,A3,A1,A3,A2,A2,A3,A2,A1,A1,A1,A3,,,A2,,,A4,A3,A4,A3,A3,A5,A5,A3,A5,A2,,,,,,,,,,,,,,,,,,,,,,,,,A4,A5,A3,A2,A3,A1,A8,A1,,,,,,Y,Y,,Y,Y,Y,,,,,A3,A2,A1,A3,A5,A2,A3,A4,A4,A2,A3,A2,A1,,A1,readable and understandable,2406.52,112.68,,138.51,,,,,,,,,,,,,,,,177.87,,,,,,,,,,,,,,,,,,,,492.42,,,,,,,,,,,,,332.15,,,,,,,,,,,,,,121.87,,,,,,,,131.4,,,,,,,,47.97,,,,,,,,,,313.26,,,,,,,,,,,,,,,,,,,,,,,228.81,,,,,,,,,,251.52,,,,,,,,,,,,,,,7.21,,50.85,
43,,1,en,1239083752,2021-10-04 17:27:41,2021-10-04 17:27:45,A2,,,,,,,,,,,,,A4,A10,A10,A12,,,,,,,,,,,,,,,,,,,,,,,,,,,,,,,,,,,,,,,,,,,,,,,,,,,,,,,,,,,,,,,,,,,,,,,,,,,,,,,,,,,,,,,,,,,,,,,,,,,,,,,,,,,,,,,,,,,,,,,,,,,,,,,,,,,,,,,,,,,,,,,,,,,,,,,,,,,,,,,,,,,,,,,,,,,,,,,,,,,,,,,,,,,,,,,,,,,,,,,,,,,,,,,,,,,,,,,,,,,,,,,,,,,,,,,,,,,,,,,,,,,,,,,,,,,,,,,,,,,,,,,,,,,,,,,,,,,,,,,,,,,,,,,,,,,,,,,,,,,,,,,,,,,,,,,,,,,,,,,,,,,,,,,,,,,,,,,,,,,,,,,,,,,,,,,,,,,,,,,,,,,,,,,,,,,,,,,,,,,,,,,,,,,,,,,,,,,,,,,,,,,,,,,,,,,,,,,,,,,,,,,,,,,,,,,,,,,,,,,,,,,,,,,,,,,,,,,,,,,,,,,,,,,,,,,,,,,,,,,,,,,,,,,,,,,,,,,,,,,,,,,,,,,,,,,,,4.91,4.91,,,,,,,,,,,,,,,,,,,,,,,,,,,,,,,,,,,,,,,,,,,,,,,,,,,,,,,,,,,,,,,,,,,,,,,,,,,,,,,,,,,,,,,,,,,,,,,,,,,,,,,,,,,,,,,,,,,,,,,,,,,,,,,,,,,,,,,,,,,,,,
44,2021-10-05 13:52:04,13,en,1267211116,2021-10-05 13:15:31,2021-10-05 13:52:04,A1,A3,,A12,,A3,,A11,,A3,,A1,,A2,A8,A4,A12,,,,,,,Y,,,,,A3,,,A4,,Y,,,,,,,,,,,,,,,,,A15,A7,A5,,A1,A1,A3,A3,A2,,,,,,,Y,,,,A2,500,,,Y,,Y,,,,,,,,,A7,A22,,A2,A2,A1,A2,A3,A2,A2,A2,A2,A3,A2,A1,A2,A2,A6,A2,A1,A1,A1,A1,,,,,,,,,,,,,,,,,,,,,A5,50,20,5,10,5,10,A2,A4,A3,,,Y,Y,,,,A3,A1,A2,A2,A2,A2,A1,A2,A2,A1,A1,A2,A2,A2,A3,A2,A4,A5,A2,A4,A3,A4,A5,A3,A3,A4,A4,A6,A4,A3,A2,A2,,Y,Y,Y,,Y,,,,,A2,A1,A1,A3,A3,A4,A3,A1,A1,A1,A1,A2,A2,A1,A1,A1,A1,A1,A1,A2,A1,A1,A2,A1,A1,A1,A1,A1,A1,A1,A1,A1,A2,,,Y,,,Y,,,,,,,,,A3,,Y,Y,,,,,Y,,,,,Y,,,,,,,,,,,A4,,,A2,,A1,A5,A5,A3,A3,A2,A2,A2,A2,A2,A2,A4,A1,A1,A2,A1,Y,,Y,,,,A2,A2,,A2,,,,Y,,,,Y,,,,,,,,,,,A2,,,,Y,,Y,Y,Y,Y,Y,,,,,,A3,,,,,,,,,,,,,,,,,,,,,,Y,,,,,,,,,,,,A2,,,,,,,,,,,,,,,,,,Y,,,,,,,,,,,,,,,,,,,,A2,,,,,,,,,,,,,,,,,,,,,,,,,,,Y,,,,,,A1,A4,A1,A2,A4,A3,A2,A3,A1,A1,A3,A2,A1,A4,A1,A2,A2,A4,A4,A1,A1,A2,A1,A2,,,A2,,,A2,A5,A4,A2,A4,A4,A5,A2,A2,A1,A9,,,,,,,,,,,,,,,,,,,,,,,,A2,A5,A3,A3,A4,A2,A18,A1,,,,Y,,,Y,Y,Y,Y,Y,,,,,A5,A4,A4,A1,A3,A5,A3,A3,A3,A3,A2,A1,A1,,A1,,2196.04,7.85,,108.76,,,,,,,,,,,,,,,,495.97,,,,,,,,,,,,,,,,,,,,410.78,,,,,,,,,,,,,254.18,,,,,,,,,,,,,,106.93,,,,,,,,168.64,,,,,,,,38.5,,,,,,,,,,115.86,,,,,,,,,,,,,,,,,,,,,,,194.74,,,,,,,,,,286.97,,,,,,,,,,,,,,,5.25,,1.61,
45,2021-10-06 10:09:42,13,en,1403962479,2021-10-06 08:45:01,2021-10-06 10:09:42,A1,A1,,A1,,A1,,A7,,A5,,A5,,A2,A12,A3,A9,,,,Y,Y,,,,,,,A1,A2,A3,A2,,Y,,,,,,,,,,,,,,,,,A19,A5,A4,,A2,A3,A1,A3,A1,,,,,Y,,,,,A5,A2,50,,,Y,,,,,,,,,,Business Travel,A7,A42,,A4,A3,A2,A6,A4,A5,A4,A3,A4,A4,A4,A4,A3,A4,A4,A4,A5,A4,A4,A3,,,,Y,Y,Y,Y,,,,,,,Y,,,Y,,,,A7,20,10,0,0,10,60,A2,A4,A5,,Y,,,,,,A3,A5,A2,A4,A1,A5,A3,A4,A5,A1,A1,A2,A1,A2,A5,A3,A3,A5,A5,A4,A4,A5,A4,A4,A5,A4,A5,A4,A6,A5,A5,A5,,,,,,,Y,,,,A2,A2,A1,A6,A3,A6,A4,A1,A4,A3,A4,A4,A4,A1,A6,A1,A2,A1,A1,A2,A2,A4,A2,A2,A5,A5,A2,A5,A3,A2,A1,A3,A4,,Y,Y,,Y,Y,Y,Y,Y,Y,Y,,,,A3,,,,,,,,,Y,,,,,,,,,,,Y,,,,,,,A6,,A3,A2,A5,A5,A5,A3,A1,A3,A1,A2,A2,A3,A3,A2,A3,A3,Y,,,,,,A4,A3,,A1,A2,,,,,Y,,,,,,,,Y,,,,A2,A1,A2,A4,,Y,Y,Y,Y,,Y,,,,,,,A1,,,,,,,,,,SQ002,,A2,,,,,,,,,,Y,,,,,,,,,,,,A2,,,,,,,,,,,Y,Y,Y,,Y,Y,,,,"Prohibiting to work on a topic, cancelling the filing of a patent",A4,,Y,,,,,,,,,,,Y,,,Colleague,A2,,,,,,,,,,,,,,,,,,,,,Y,,,Y,,,,,,,,,A1,A2,A3,A3,A2,A3,A3,A2,A2,A3,A2,A2,A1,A2,A3,A3,A2,A3,A4,A3,A1,A2,A3,A3,,,A2,,,A4,A4,A4,A3,A4,A5,A5,A4,A5,A1,A3,,Y,,,Y,Y,Y,,,,,Y,,,,,,,,,,,,A3,A4,A4,A4,A4,A2,A16,A2,,Y,,,,Y,Y,,,Y,Y,,,,,A4,A3,A4,A5,A4,A4,A2,A4,A7,A2,A3,A7,A3,,A2,,5085.16,6.01,,94.49,,,,,,,,,,,,,,,,3133.38,,,,,,,,,,,,,,,,,,,,392.55,,,,,,,,,,,,,224.73,,,,,,,,,,,,,,92.29,,,,,,,,100.33,,,,,,,,142.7,,,,,,,,,,442.81,,,,,,,,,,,,,,,,,,,,,,,159.92,,,,,,,,,,272.78,,,,,,,,,,,,,,,21.12,,2.05,
46,,4,en,1772821418,2021-10-06 13:04:25,2021-10-06 13:25:47,A1,A2,Max-Planck Institute for the Science of ligth,A2,,A1,,A8,,A3,,A1,,A1,A7,A4,A10,Y,,,,,,,,,,,A1,A2,A3,A4,,Y,,,,,,,,,,,,,,,,,A15,A4,A6,,A1,A1,A3,A3,A2,,,,,,,Y,,,,A2,500,,Y,,,,,,,,,,,,A7,A41,,A2,A1,A1,A1,A1,A1,A1,A1,A1,A2,A2,A1,A1,A2,A6,A1,A1,A1,A1,A1,,,,,,,,,,,,,,,,,,,,,A5,70,15,10,0,5,0,A2,A3,A7,Y,,,,,,,A4,A5,A2,A3,A2,A3,A2,A3,A3,A1,A1,A2,A1,A1,A3,A2,A3,A2,A3,A2,A2,A3,A2,A2,A2,A2,A3,A2,A2,A2,A2,A3,,,,,,,,,,,,,,,,,,,,,,,,,,,,,,,,,,,,,,,,,,,,,,,,,,,,,,,,,,,,,,,,,,,,,,,,,,,,,,,,,,,,,,,,,,,,,,,,,,,,,,,,,,,,,,,,,,,,,,,,,,,,,,,,,,,,,,,,,,,,,,,,,,,,,,,,,,,,,,,,,,,,,,,,,,,,,,,,,,,,,,,,,,,,,,,,,,,,,,,,,,,,,,,,,,,,,,,,,,,,,,,,,,,,,,,,,,,,,,,,,,,,,,,,,,,,,,,,,,,,,,,,,,,,,,,,,,,,,,,,,,,,,,,,,,,,,,,,,,,,,,,,,,,,,,,,,,,,,,,,,,,,,,,,,,,,,,,,,,,,,,,,,,,,,,,,,,1283.17,49.2,,263.72,,,,,,,,,,,,,,,,206.76,,,,,,,,,,,,,,,,,,,,763.49,,,,,,,,,,,,,,,,,,,,,,,,,,,,,,,,,,,,,,,,,,,,,,,,,,,,,,,,,,,,,,,,,,,,,,,,,,,,,,,,,,,,,,,,,,,,,,,,,,,,,,,,
47,,3,en,216928945,2021-10-06 13:49:48,2021-10-06 13:56:18,A1,A3,,A5,,A1,,A11,,A3,,A1,,A5,A9,A1,A10,Y,,,,,,,,,,,A1,A2,A3,A4,,,,,Y,,,,,,A1,,,,,,,,A8,A7,A4,,A3,A1,A3,A3,A2,,,,,,,Y,,,,A1,,,,,,,,,,,,,,,A1,A1,,,,,,,,,,,,,,,,,,,,,,,,,,,,,,,,,,,,,,,,,,,0,0,0,0,0,0,,,,,,,,,,,,,,,,,,,,,,,,,,,,,,,,,,,,,,,,,,,,,,,,,,,,,,,,,,,,,,,,,,,,,,,,,,,,,,,,,,,,,,,,,,,,,,,,,,,,,,,,,,,,,,,,,,,,,,,,,,,,,,,,,,,,,,,,,,,,,,,,,,,,,,,,,,,,,,,,,,,,,,,,,,,,,,,,,,,,,,,,,,,,,,,,,,,,,,,,,,,,,,,,,,,,,,,,,,,,,,,,,,,,,,,,,,,,,,,,,,,,,,,,,,,,,,,,,,,,,,,,,,,,,,,,,,,,,,,,,,,,,,,,,,,,,,,,,,,,,,,,,,,,,,,,,,,,,,,,,,,,,,,,,,,,,,,,,,,,,,,,,,,,,,,,,,,,,,,,,,,,,,,,,,,,,,,,,,,,,,,,,,,,,,,,,,,,390.64,51.16,,95.42,,,,,,,,,,,,,,,,244.06,,,,,,,,,,,,,,,,,,,,,,,,,,,,,,,,,,,,,,,,,,,,,,,,,,,,,,,,,,,,,,,,,,,,,,,,,,,,,,,,,,,,,,,,,,,,,,,,,,,,,,,,,,,,,,,,,,,,,,,,,,,,
